Active ingredients,Dosage Form,Route,Strength,Brand name,Applicant Holder,Approval Date,group_key,strength_normalized,dosage_range,frequency,population
ASPIRIN; CARISOPRODOL,TABLET,ORAL,325MG; 200MG,CARISOPRODOL AND ASPIRIN,CHARTWELL RX SCIENCES LLC,"Mar 31, 1989",ASPIRIN; CARISOPRODOL||325MG; 200MG||TABLET||ORAL,325 mg; 200 mg,adult: 1 tablet per dose,QID,adult
ASPIRIN; MEPROBAMATE,TABLET,ORAL,325MG; 200MG,Q-GESIC,QUANTUM PHARMICS LTD,"Jun 1, 1984",ASPIRIN; MEPROBAMATE||325MG; 200MG||TABLET||ORAL,325 mg; 200 mg,adult: 1 tablet per dose,TID-QID PRN,adult
ASPIRIN; CAFFEINE; PROPOXYPHENE HYDROCHLORIDE,CAPSULE,ORAL,389MG; 32.4MG; 65MG,DARVON COMPOUND-65,XANODYNE PHARMACEUTICS INC,"Mar 8, 1983",ASPIRIN; CAFFEINE; PROPOXYPHENE HYDROCHLORIDE||389MG; 32.4MG; 65MG||CAPSULE||ORAL,389 mg; 32.4 mg; 65 mg,adult: 1-2 capsules/tablets per dose,q4h PRN,adult
ASPIRIN; DIPYRIDAMOLE,"CAPSULE, EXTENDED RELEASE",ORAL,25MG; 200MG,ASPIRIN AND DIPYRIDAMOLE,GLENMARK SPECIALTY SA,"May 24, 2019","ASPIRIN; DIPYRIDAMOLE||25MG; 200MG||CAPSULE, EXTENDED RELEASE||ORAL",25 mg; 200 mg,adult: 1 capsule per dose,BID,adult
ASPIRIN; DIPYRIDAMOLE,"CAPSULE, EXTENDED RELEASE",ORAL,25MG; 200MG,ASPIRIN AND DIPYRIDAMOLE,MICRO LABS LTD,"Aug 11, 2021","ASPIRIN; DIPYRIDAMOLE||25MG; 200MG||CAPSULE, EXTENDED RELEASE||ORAL",25 mg; 200 mg,adult: 1 capsule per dose,BID,adult
ASPIRIN; PRAVASTATIN SODIUM,TABLET,ORAL,81MG; 40MG,PRAVIGARD PAC (COPACKAGED),BRISTOL MYERS SQUIBB CO,"Jun 24, 2003",ASPIRIN; PRAVASTATIN SODIUM||81MG; 40MG||TABLET||ORAL,81 mg; 40 mg,adult: 1 packet/tablet daily,daily,adult
ASPIRIN; DIPYRIDAMOLE,"CAPSULE, EXTENDED RELEASE",ORAL,25MG; 200MG **Federal Register determination that product was not discontinued or withdrawn for safety or effectiveness reasons**,AGGRENOX,BOEHRINGER INGELHEIM PHARMACEUTICALS INC,"Nov 22, 1999","ASPIRIN; DIPYRIDAMOLE||25MG; 200MG **Federal Register determination that product was not discontinued or withdrawn for safety or effectiveness reasons**||CAPSULE, EXTENDED RELEASE||ORAL",25 mg; 200 mg,adult: 1 capsule per dose,BID,adult
ASPIRIN; METHOCARBAMOL,TABLET,ORAL,325MG; 400MG,METHOCARBAMOL AND ASPIRIN,PAR PHARMACEUTICAL INC,"Nov 4, 1988",ASPIRIN; METHOCARBAMOL||325MG; 400MG||TABLET||ORAL,325 mg; 400 mg,adult: 1-2 tablets per dose,q6-8h PRN,adult
ASPIRIN; OMEPRAZOLE,"TABLET, DELAYED RELEASE",ORAL,325MG; 40MG,YOSPRALA,GENUS LIFE SCIENCES INC,"Sep 14, 2016","ASPIRIN; OMEPRAZOLE||325MG; 40MG||TABLET, DELAYED RELEASE||ORAL",325 mg; 40 mg,adult: 1 tablet daily,daily,adult
ASPIRIN; OXYCODONE HYDROCHLORIDE,TABLET,ORAL,325MG; 4.8355MG,OXYCODONE AND ASPIRIN,EPIC PHARMA LLC,"Jul 16, 2020",ASPIRIN; OXYCODONE HYDROCHLORIDE||325MG; 4.8355MG||TABLET||ORAL,325 mg; 4.8355 mg,adult: 1 tablet per dose,q6h PRN,adult
ASPIRIN; PENTAZOCINE HYDROCHLORIDE,TABLET,ORAL,325MG; EQ 12.5MG BASE **Federal Register determination that product was not discontinued or withdrawn for safety or effectiveness reasons**,TALWIN COMPOUND,SANOFI AVENTIS US LLC,"Approved Prior to Jan 1, 1982",ASPIRIN; PENTAZOCINE HYDROCHLORIDE||325MG; EQ 12.5MG BASE **Federal Register determination that product was not discontinued or withdrawn for safety or effectiveness reasons**||TABLET||ORAL,325 mg; eq 12.5 mg BASE,adult: 1 capsule per dose,q4h PRN,adult
ASPIRIN; CAFFEINE; ORPHENADRINE CITRATE,TABLET,ORAL,385MG; 30MG; 25MG **Federal Register determination that product was not discontinued or withdrawn for safety or effectiveness reasons**,NORGESIC,BAUSCH HEALTH US LLC,"Oct 27, 1982",ASPIRIN; CAFFEINE; ORPHENADRINE CITRATE||385MG; 30MG; 25MG **Federal Register determination that product was not discontinued or withdrawn for safety or effectiveness reasons**||TABLET||ORAL,385 mg; 30 mg; 25 mg,adult: 1-2 tablets per dose,TID-QID PRN,adult
ASPIRIN; PRAVASTATIN SODIUM,TABLET,ORAL,81MG; 80MG,PRAVIGARD PAC (COPACKAGED),BRISTOL MYERS SQUIBB CO,"Jun 24, 2003",ASPIRIN; PRAVASTATIN SODIUM||81MG; 80MG||TABLET||ORAL,81 mg; 80 mg,adult: 1 packet/tablet daily,daily,adult
ASPIRIN,TABLET,ORAL,500MG,BAYER EXTRA STRENGTH ASPIRIN FOR MIGRAINE PAIN,BAYER HEALTHCARE LLC,"Oct 18, 2001",ASPIRIN||500MG||TABLET||ORAL,500 mg,adult: 325-650 mg per dose; pediatric: not routine,q4-6h PRN,adult
ASPIRIN; HYDROCODONE BITARTRATE,TABLET,ORAL,500MG; 5MG,VICOPRIN,ABBOTT LABORATORIES PHARMACEUTICAL PRODUCTS DIV,"Sep 14, 1983",ASPIRIN; HYDROCODONE BITARTRATE||500MG; 5MG||TABLET||ORAL,500 mg; 5 mg,adult: 1-2 tablets per dose,q4-6h PRN,adult
ASPIRIN,TABLET,ORAL,500MG,BAYER EXTRA STRENGTH ASPIRIN FOR MIGRAINE PAIN,BAYER HEALTHCARE LLC,"Oct 18, 2001",ASPIRIN||500MG||TABLET||ORAL,500 mg,adult: 325-650 mg per dose; pediatric: not routine,q4-6h PRN,adult
ACETAMINOPHEN; ASPIRIN; CAFFEINE,TABLET,ORAL,250MG; 250MG; 65MG,"ACETAMINOPHEN, ASPIRIN AND CAFFEINE",L PERRIGO CO,"Nov 26, 2001",ACETAMINOPHEN; ASPIRIN; CAFFEINE||250MG; 250MG; 65MG||TABLET||ORAL,250 mg; 250 mg; 65 mg,adult/adolescent >=12: 2 tablets per dose; max 8 tablets/day,q6h PRN,adult/adolescent >=12
ASPIRIN; PRAVASTATIN SODIUM,TABLET,ORAL,325MG; 40MG,PRAVIGARD PAC (COPACKAGED),BRISTOL MYERS SQUIBB CO,"Jun 24, 2003",ASPIRIN; PRAVASTATIN SODIUM||325MG; 40MG||TABLET||ORAL,325 mg; 40 mg,adult: 1 packet/tablet daily,daily,adult
ASPIRIN; PRAVASTATIN SODIUM,TABLET,ORAL,81MG; 20MG,PRAVIGARD PAC (COPACKAGED),BRISTOL MYERS SQUIBB CO,"Jun 24, 2003",ASPIRIN; PRAVASTATIN SODIUM||81MG; 20MG||TABLET||ORAL,81 mg; 20 mg,adult: 1 packet/tablet daily,daily,adult
ACETAMINOPHEN; ASPIRIN; CODEINE PHOSPHATE,CAPSULE,ORAL,150MG; 180MG; 30MG,"ACETAMINOPHEN, ASPIRIN, AND CODEINE PHOSPHATE",MIKART LLC,"Oct 26, 1990",ACETAMINOPHEN; ASPIRIN; CODEINE PHOSPHATE||150MG; 180MG; 30MG||CAPSULE||ORAL,150 mg; 180 mg; 30 mg,adult: 1-2 tablets per dose,q4h PRN,adult
HYDROCODONE BITARTRATE; IBUPROFEN,TABLET,ORAL,5MG; 200MG,HYDROCODONE BITARTRATE AND IBUPROFEN,AMNEAL PHARMACEUTICALS NY LLC,"Mar 18, 2004",HYDROCODONE BITARTRATE; IBUPROFEN||5MG; 200MG||TABLET||ORAL,5 mg; 200 mg,adult: 1 tablet per dose,q4-6h PRN,adult
DIPHENHYDRAMINE HYDROCHLORIDE; IBUPROFEN,CAPSULE,ORAL,25MG; EQ 200MG FREE ACID AND POTASSIUM SALT,IBUPROFEN AND DIPHENHYDRAMINE HYDROCHLORIDE,ONESOURCE SPECIALTY PTE LTD,"Mar 5, 2012",DIPHENHYDRAMINE HYDROCHLORIDE; IBUPROFEN||25MG; EQ 200MG FREE ACID AND POTASSIUM SALT||CAPSULE||ORAL,25 mg; eq 200 mg FREE ACID AND POTASSIUM SALT,adult/adolescent >=12: 2 capsules at bedtime,nightly PRN,adult/adolescent >=12
IBUPROFEN,SUSPENSION,ORAL,100MG/5ML,IBUPROFEN,ARISE PHARMACEUTICALS LLC,"Aug 18, 2011",IBUPROFEN||100MG/5ML||SUSPENSION||ORAL,100 mg/5 mL,adult: 200-400 mg per dose; pediatric: 5-10 mg/kg per dose,q6-8h PRN,adult/pediatric
IBUPROFEN,TABLET,ORAL,800MG,IBUPROFEN,STRIDES PHARMA INTERNATIONAL AG,"Jul 25, 1986",IBUPROFEN||800MG||TABLET||ORAL,800 mg,adult: 200-400 mg OTC or 400-800 mg Rx per dose,q4-6h PRN,adult/adolescent >=12
IBUPROFEN,TABLET,ORAL,600MG,IBUPROFEN,AUROBINDO PHARMA LTD,"May 8, 2020",IBUPROFEN||600MG||TABLET||ORAL,600 mg,adult: 200-400 mg OTC or 400-800 mg Rx per dose,q4-6h PRN,adult/adolescent >=12
IBUPROFEN; OXYCODONE HYDROCHLORIDE,TABLET,ORAL,400MG; 5MG,OXYCODONE HYDROCHLORIDE AND IBUPROFEN,BARR LABORATORIES INC,"Nov 29, 2007",IBUPROFEN; OXYCODONE HYDROCHLORIDE||400MG; 5MG||TABLET||ORAL,400 mg; 5 mg,adult: 1 tablet per dose,q4-6h PRN,adult
IBUPROFEN LYSINE,INJECTABLE,INTRAVENOUS,EQ 20MG BASE/2ML (EQ 10MG BASE/ML),NEOPROFEN,RECORDATI RARE DISEASES INC,"Apr 13, 2006",IBUPROFEN LYSINE||EQ 20MG BASE/2ML (EQ 10MG BASE/ML)||INJECTABLE||INTRAVENOUS,eq 20 mg BASE/2 mL (eq 10 mg BASE/ mL),"neonatal: 10 mg/kg, then 5 mg/kg at 24 h and 48 h",q24h x 3 doses,neonatal
CHLORPHENIRAMINE MALEATE; IBUPROFEN; PSEUDOEPHEDRINE HYDROCHLORIDE,TABLET,ORAL,2MG; 200MG; 30MG,ADVIL ALLERGY SINUS,HALEON US HOLDINGS LLC,"Dec 19, 2002",CHLORPHENIRAMINE MALEATE; IBUPROFEN; PSEUDOEPHEDRINE HYDROCHLORIDE||2MG; 200MG; 30MG||TABLET||ORAL,2 mg; 200 mg; 30 mg,adult/adolescent >=12: 1-2 tablets per dose,q4-6h PRN,adult/adolescent >=12
FAMOTIDINE; IBUPROFEN,TABLET,ORAL,26.6MG; 800MG,IBUPROFEN AND FAMOTIDINE,TEVA PHARMACEUTICALS USA,"Oct 29, 2021",FAMOTIDINE; IBUPROFEN||26.6MG; 800MG||TABLET||ORAL,26.6 mg; 800 mg,adult: 1 tablet per dose,TID,adult
IBUPROFEN LYSINE,INJECTABLE,INTRAVENOUS,EQ 20MG BASE/2ML (EQ 10MG BASE/ML),IBUPROFEN LYSINE,XGEN PHARMACEUTICALS DJB INC,"Mar 30, 2016",IBUPROFEN LYSINE||EQ 20MG BASE/2ML (EQ 10MG BASE/ML)||INJECTABLE||INTRAVENOUS,eq 20 mg BASE/2 mL (eq 10 mg BASE/ mL),"neonatal: 10 mg/kg, then 5 mg/kg at 24 h and 48 h",q24h x 3 doses,neonatal
IBUPROFEN,TABLET,ORAL,400MG,IBUPROFEN,PH HEALTH LTD,"Feb 1, 1988",IBUPROFEN||400MG||TABLET||ORAL,400 mg,adult: 200-400 mg OTC or 400-800 mg Rx per dose,q4-6h PRN,adult/adolescent >=12
IBUPROFEN,CAPSULE,ORAL,EQ 200MG FREE ACID AND POTASSIUM SALT,IBUPROFEN,AMNEAL PHARMACEUTICALS OF NEW YORK LLC,"Dec 23, 2011",IBUPROFEN||EQ 200MG FREE ACID AND POTASSIUM SALT||CAPSULE||ORAL,eq 200 mg FREE ACID AND POTASSIUM SALT,adult: 200-400 mg OTC or 400-800 mg Rx per dose,q4-6h PRN,adult/adolescent >=12
IBUPROFEN,TABLET,ORAL,200MG,IBUPROFEN,DR REDDYS LABORATORIES INC,"Nov 20, 2001",IBUPROFEN||200MG||TABLET||ORAL,200 mg,adult: 200-400 mg OTC or 400-800 mg Rx per dose,q4-6h PRN,adult/adolescent >=12
IBUPROFEN; PSEUDOEPHEDRINE HYDROCHLORIDE,SUSPENSION,ORAL,100MG/5ML; 15MG/5ML,CHILDREN'S ADVIL COLD,HALEON US HOLDINGS LLC,"Apr 18, 2002",IBUPROFEN; PSEUDOEPHEDRINE HYDROCHLORIDE||100MG/5ML; 15MG/5ML||SUSPENSION||ORAL,100 mg/5 mL; 15 mg/5 mL,pediatric: age-based 5-10 mL per dose,q6h PRN,pediatric
ACETAMINOPHEN; IBUPROFEN,TABLET,ORAL,250MG; 125MG,ACETAMINOPHEN AND IBUPROFEN,MARKSANS PHARMA LTD,"Jul 10, 2023",ACETAMINOPHEN; IBUPROFEN||250MG; 125MG||TABLET||ORAL,250 mg; 125 mg,adult: 1-2 tablets per dose,q6h PRN,adult
IBUPROFEN; OXYCODONE HYDROCHLORIDE,TABLET,ORAL,400MG; 5MG,OXYCODONE HYDROCHLORIDE AND IBUPROFEN,ACTAVIS ELIZABETH LLC,"Jan 4, 2008",IBUPROFEN; OXYCODONE HYDROCHLORIDE||400MG; 5MG||TABLET||ORAL,400 mg; 5 mg,adult: 1 tablet per dose,q4-6h PRN,adult
IBUPROFEN,TABLET,ORAL,200MG,NUPRIN,BRISTOL MYERS PRODUCTS INC,"Feb 16, 1988",IBUPROFEN||200MG||TABLET||ORAL,200 mg,adult: 200-400 mg OTC or 400-800 mg Rx per dose,q4-6h PRN,adult/adolescent >=12
IBUPROFEN,CAPSULE,ORAL,EQ 200MG FREE ACID AND POTASSIUM SALT,IBUPROFEN,PATHEON SOFTGELS BV,"Feb 13, 2024",IBUPROFEN||EQ 200MG FREE ACID AND POTASSIUM SALT||CAPSULE||ORAL,eq 200 mg FREE ACID AND POTASSIUM SALT,adult: 200-400 mg OTC or 400-800 mg Rx per dose,q4-6h PRN,adult/adolescent >=12
IBUPROFEN,TABLET,ORAL,600MG,IBUPROFEN,SUPERPHARM CORP,"Apr 25, 1986",IBUPROFEN||600MG||TABLET||ORAL,600 mg,adult: 200-400 mg OTC or 400-800 mg Rx per dose,q4-6h PRN,adult/adolescent >=12
IBUPROFEN,SUSPENSION,ORAL,100MG/5ML,CHILDREN'S ELIXSURE,MOBERG PHARMA NORTH AMERICA LLC,"Jan 7, 2004",IBUPROFEN||100MG/5ML||SUSPENSION||ORAL,100 mg/5 mL,adult: 200-400 mg per dose; pediatric: 5-10 mg/kg per dose,q6-8h PRN,adult/pediatric
AMOXICILLIN,TABLET,ORAL,875MG **Federal Register determination that product was not discontinued or withdrawn for safety or effectiveness reasons**,AMOXIL,US ANTIBIOTICS LLC,"Jul 10, 1998",AMOXICILLIN||875MG **Federal Register determination that product was not discontinued or withdrawn for safety or effectiveness reasons**||TABLET||ORAL,875 mg,adult: 250-500 mg q8h or 500-875 mg q12h; pediatric: 20-45 mg/kg/day divided q8-12h,q8-12h,adult/pediatric
AMOXICILLIN,FOR SUSPENSION,ORAL,125MG/5ML,AMOXICILLIN,HIKMA PHARMACEUTICALS,"Jun 19, 2006",AMOXICILLIN||125MG/5ML||FOR SUSPENSION||ORAL,125 mg/5 mL,adult: 250-500 mg q8h or 500-875 mg q12h; pediatric: 20-45 mg/kg/day divided q8-12h,q8-12h,adult/pediatric
AMOXICILLIN; CLAVULANATE POTASSIUM,FOR SUSPENSION,ORAL,125MG/5ML; EQ 31.25MG BASE/5ML,AUGMENTIN '125',US ANTIBIOTICS LLC,"Aug 6, 1984",AMOXICILLIN; CLAVULANATE POTASSIUM||125MG/5ML; EQ 31.25MG BASE/5ML||FOR SUSPENSION||ORAL,125 mg/5 mL; eq 31.25 mg BASE/5 mL,adult: 500/125 mg q8h or 875/125 mg q12h; pediatric: 25-45 mg/kg/day (amoxicillin component) divided q12h,q8-12h,adult/pediatric
AMOXICILLIN; OMEPRAZOLE MAGNESIUM; RIFABUTIN,"CAPSULE, DELAYED RELEASE",ORAL,250MG; EQ 10MG BASE; 12.5MG,TALICIA,TALICIA HOLDINGS INC,"Nov 1, 2019","AMOXICILLIN; OMEPRAZOLE MAGNESIUM; RIFABUTIN||250MG; EQ 10MG BASE; 12.5MG||CAPSULE, DELAYED RELEASE||ORAL",250 mg; eq 10 mg BASE; 12.5 mg,adult: 4 capsules per dose for 14 days,q8h,adult
AMOXICILLIN,"TABLET, CHEWABLE",ORAL,125MG,AMOXICILLIN,TEVA PHARMACEUTICALS USA INC,"Dec 19, 1996","AMOXICILLIN||125MG||TABLET, CHEWABLE||ORAL",125 mg,adult: 250-500 mg q8h or 500-875 mg q12h; pediatric: 20-45 mg/kg/day divided q8-12h,q8-12h,adult/pediatric
AMOXICILLIN,CAPSULE,ORAL,500MG,AMOXICILLIN,MICRO LABS LTD,"Jun 24, 2022",AMOXICILLIN||500MG||CAPSULE||ORAL,500 mg,adult: 250-500 mg q8h or 500-875 mg q12h; pediatric: 20-45 mg/kg/day divided q8-12h,q8-12h,adult/pediatric
AMOXICILLIN,CAPSULE,ORAL,250MG,AMOXICILLIN,STRIDES PHARMA INTERNATIONAL AG,"Feb 25, 1988",AMOXICILLIN||250MG||CAPSULE||ORAL,250 mg,adult: 250-500 mg q8h or 500-875 mg q12h; pediatric: 20-45 mg/kg/day divided q8-12h,q8-12h,adult/pediatric
AMOXICILLIN,FOR SUSPENSION,ORAL,50MG/ML **Federal Register determination that product was not discontinued or withdrawn for safety or effectiveness reasons**,AMOXIL,GLAXOSMITHKLINE,"Approved Prior to Jan 1, 1982",AMOXICILLIN||50MG/ML **Federal Register determination that product was not discontinued or withdrawn for safety or effectiveness reasons**||FOR SUSPENSION||ORAL,50 mg/mL,adult: 250-500 mg q8h or 500-875 mg q12h; pediatric: 20-45 mg/kg/day divided q8-12h,q8-12h,adult/pediatric
AMOXICILLIN,FOR SUSPENSION,ORAL,200MG/5ML,AMOXICILLIN,HIKMA PHARMACEUTICALS,"Jun 19, 2006",AMOXICILLIN||200MG/5ML||FOR SUSPENSION||ORAL,200 mg/5 mL,adult: 250-500 mg q8h or 500-875 mg q12h; pediatric: 20-45 mg/kg/day divided q8-12h,q8-12h,adult/pediatric
AMOXICILLIN,FOR SUSPENSION,ORAL,125MG/5ML,TRIMOX,APOTHECON SUB BRISTOL MYERS SQUIBB CO,"Approved Prior to Jan 1, 1982",AMOXICILLIN||125MG/5ML||FOR SUSPENSION||ORAL,125 mg/5 mL,adult: 250-500 mg q8h or 500-875 mg q12h; pediatric: 20-45 mg/kg/day divided q8-12h,q8-12h,adult/pediatric
AMOXICILLIN,"TABLET, CHEWABLE",ORAL,250MG,AMOXICILLIN,SUN PHARMACEUTICAL INDUSTRIES LTD,"Dec 23, 1999","AMOXICILLIN||250MG||TABLET, CHEWABLE||ORAL",250 mg,adult: 250-500 mg q8h or 500-875 mg q12h; pediatric: 20-45 mg/kg/day divided q8-12h,q8-12h,adult/pediatric
AMOXICILLIN,FOR SUSPENSION,ORAL,50MG/ML,AMOXICILLIN PEDIATRIC,TEVA PHARMACEUTICALS USA INC,"Dec 1, 1982",AMOXICILLIN||50MG/ML||FOR SUSPENSION||ORAL,50 mg/mL,adult: 250-500 mg q8h or 500-875 mg q12h; pediatric: 20-45 mg/kg/day divided q8-12h,q8-12h,adult/pediatric
AMOXICILLIN,FOR SUSPENSION,ORAL,125MG/5ML,WYMOX,WYETH AYERST LABORATORIES,"Approved Prior to Jan 1, 1982",AMOXICILLIN||125MG/5ML||FOR SUSPENSION||ORAL,125 mg/5 mL,adult: 250-500 mg q8h or 500-875 mg q12h; pediatric: 20-45 mg/kg/day divided q8-12h,q8-12h,adult/pediatric
AMOXICILLIN,"TABLET, FOR SUSPENSION",ORAL,400MG,AMOXICILLIN,AUROBINDO PHARMA LTD,"Jan 17, 2007","AMOXICILLIN||400MG||TABLET, FOR SUSPENSION||ORAL",400 mg,adult: 250-500 mg q8h or 500-875 mg q12h; pediatric: 20-45 mg/kg/day divided q8-12h,q8-12h,adult/pediatric
AMOXICILLIN,FOR SUSPENSION,ORAL,125MG/5ML,AMOXICILLIN,MYLAN PHARMACEUTICALS INC,"Approved Prior to Jan 1, 1982",AMOXICILLIN||125MG/5ML||FOR SUSPENSION||ORAL,125 mg/5 mL,adult: 250-500 mg q8h or 500-875 mg q12h; pediatric: 20-45 mg/kg/day divided q8-12h,q8-12h,adult/pediatric
AMOXICILLIN; CLAVULANATE POTASSIUM,TABLET,ORAL,875MG; EQ 125MG BASE,AMOXICILLIN AND CLAVULANATE POTASSIUM,SUN PHARMACEUTICAL INDUSTRIES LTD,"Sep 17, 2002",AMOXICILLIN; CLAVULANATE POTASSIUM||875MG; EQ 125MG BASE||TABLET||ORAL,875 mg; eq 125 mg BASE,adult: 500/125 mg q8h or 875/125 mg q12h; pediatric: 25-45 mg/kg/day (amoxicillin component) divided q12h,q8-12h,adult/pediatric
AMOXICILLIN,"TABLET, CHEWABLE",ORAL,125MG,AMOXICILLIN,HIKMA PHARMACEUTICALS LLC,"Jun 25, 2020","AMOXICILLIN||125MG||TABLET, CHEWABLE||ORAL",125 mg,adult: 250-500 mg q8h or 500-875 mg q12h; pediatric: 20-45 mg/kg/day divided q8-12h,q8-12h,adult/pediatric
AMOXICILLIN; CLAVULANATE POTASSIUM,FOR SUSPENSION,ORAL,200MG/5ML; EQ 28.5MG BASE/5ML,AUGMENTIN '200',US ANTIBIOTICS LLC,"May 31, 1996",AMOXICILLIN; CLAVULANATE POTASSIUM||200MG/5ML; EQ 28.5MG BASE/5ML||FOR SUSPENSION||ORAL,200 mg/5 mL; eq 28.5 mg BASE/5 mL,adult: 500/125 mg q8h or 875/125 mg q12h; pediatric: 25-45 mg/kg/day (amoxicillin component) divided q12h,q8-12h,adult/pediatric
AMOXICILLIN; CLAVULANATE POTASSIUM,TABLET,ORAL,875MG; EQ 125MG BASE,AMOXICILLIN AND CLAVULANATE POTASSIUM,AUROBINDO PHARMA LTD,"Jan 20, 2012",AMOXICILLIN; CLAVULANATE POTASSIUM||875MG; EQ 125MG BASE||TABLET||ORAL,875 mg; eq 125 mg BASE,adult: 500/125 mg q8h or 875/125 mg q12h; pediatric: 25-45 mg/kg/day (amoxicillin component) divided q12h,q8-12h,adult/pediatric
AMOXICILLIN; CLAVULANATE POTASSIUM,FOR SUSPENSION,ORAL,600MG/5ML; EQ 42.9MG BASE/5ML,AUGMENTIN ES-600,US ANTIBIOTICS LLC,"Jun 22, 2001",AMOXICILLIN; CLAVULANATE POTASSIUM||600MG/5ML; EQ 42.9MG BASE/5ML||FOR SUSPENSION||ORAL,600 mg/5 mL; eq 42.9 mg BASE/5 mL,adult: 500/125 mg q8h or 875/125 mg q12h; pediatric: 25-45 mg/kg/day (amoxicillin component) divided q12h,q8-12h,adult/pediatric
METOPROLOL TARTRATE,TABLET,ORAL,50MG,METOPROLOL TARTRATE,IPCA LABORATORIES LTD,"Jun 17, 2008",METOPROLOL TARTRATE||50MG||TABLET||ORAL,50 mg,adult: 50-100 mg per dose,BID,adult
METOPROLOL TARTRATE,TABLET,ORAL,50MG,METOPROLOL TARTRATE,CHARTWELL RX SCIENCES LLC,"Mar 25, 1994",METOPROLOL TARTRATE||50MG||TABLET||ORAL,50 mg,adult: 50-100 mg per dose,BID,adult
METOPROLOL SUCCINATE,"TABLET, EXTENDED RELEASE",ORAL,EQ 200MG TARTRATE,METOPROLOL SUCCINATE,YICHANG HUMANWELL PHARMACEUTICAL CO LTD,"Feb 12, 2021","METOPROLOL SUCCINATE||EQ 200MG TARTRATE||TABLET, EXTENDED RELEASE||ORAL",eq 200 mg TARTRATE,adult: 25-200 mg daily,daily,adult
METOPROLOL SUCCINATE,"TABLET, EXTENDED RELEASE",ORAL,EQ 200MG TARTRATE,METOPROLOL SUCCINATE,SANDOZ,"Mar 20, 2008","METOPROLOL SUCCINATE||EQ 200MG TARTRATE||TABLET, EXTENDED RELEASE||ORAL",eq 200 mg TARTRATE,adult: 25-200 mg daily,daily,adult
METOPROLOL SUCCINATE,"TABLET, EXTENDED RELEASE",ORAL,EQ 100MG TARTRATE,METOPROLOL SUCCINATE,ACTAVIS LABORATORIES FL INC,"Apr 15, 2010","METOPROLOL SUCCINATE||EQ 100MG TARTRATE||TABLET, EXTENDED RELEASE||ORAL",eq 100 mg TARTRATE,adult: 25-200 mg daily,daily,adult
METOPROLOL TARTRATE,TABLET,ORAL,100MG,LOPRESSOR,VALIDUS PHARMACEUTICALS LLC,"Approved Prior to Jan 1, 1982",METOPROLOL TARTRATE||100MG||TABLET||ORAL,100 mg,adult: 50-100 mg per dose,BID,adult
METOPROLOL FUMARATE,"TABLET, EXTENDED RELEASE",ORAL,EQ 400MG TARTRATE,LOPRESSOR,NOVARTIS PHARMACEUTICALS CORP,"Dec 27, 1989","METOPROLOL FUMARATE||EQ 400MG TARTRATE||TABLET, EXTENDED RELEASE||ORAL",eq 400 mg TARTRATE,adult: 200-400 mg daily,daily,adult
METOPROLOL SUCCINATE,"TABLET, EXTENDED RELEASE",ORAL,EQ 100MG TARTRATE,METOPROLOL SUCCINATE,ZHEJIANG JUTAI PHARMACEUTICAL CO LTD,"Jul 26, 2024","METOPROLOL SUCCINATE||EQ 100MG TARTRATE||TABLET, EXTENDED RELEASE||ORAL",eq 100 mg TARTRATE,adult: 25-200 mg daily,daily,adult
METOPROLOL SUCCINATE,"TABLET, EXTENDED RELEASE",ORAL,EQ 25MG TARTRATE,TOPROL-XL,MELINTA THERAPEUTICS LLC A WHOLLY OWNED SUB OF CORMEDIX INC,"Feb 5, 2001","METOPROLOL SUCCINATE||EQ 25MG TARTRATE||TABLET, EXTENDED RELEASE||ORAL",eq 25 mg TARTRATE,adult: 25-200 mg daily,daily,adult
METOPROLOL TARTRATE,TABLET,ORAL,50MG,METOPROLOL TARTRATE,TEVA PHARMACEUTICALS USA INC,"Sep 30, 1994",METOPROLOL TARTRATE||50MG||TABLET||ORAL,50 mg,adult: 50-100 mg per dose,BID,adult
METOPROLOL SUCCINATE,"TABLET, EXTENDED RELEASE",ORAL,EQ 50MG TARTRATE,METOPROLOL SUCCINATE,PHARMADAX INC,"Mar 31, 2020","METOPROLOL SUCCINATE||EQ 50MG TARTRATE||TABLET, EXTENDED RELEASE||ORAL",eq 50 mg TARTRATE,adult: 25-200 mg daily,daily,adult
METOPROLOL SUCCINATE,"TABLET, EXTENDED RELEASE",ORAL,EQ 100MG TARTRATE,METOPROLOL SUCCINATE,NESHER PHARMACEUTICALS USA LLC,"May 18, 2007","METOPROLOL SUCCINATE||EQ 100MG TARTRATE||TABLET, EXTENDED RELEASE||ORAL",eq 100 mg TARTRATE,adult: 25-200 mg daily,daily,adult
METOPROLOL SUCCINATE,"TABLET, EXTENDED RELEASE",ORAL,EQ 50MG TARTRATE,METOPROLOL SUCCINATE,HETERO LABS LTD UNIT III,"Nov 6, 2020","METOPROLOL SUCCINATE||EQ 50MG TARTRATE||TABLET, EXTENDED RELEASE||ORAL",eq 50 mg TARTRATE,adult: 25-200 mg daily,daily,adult
METOPROLOL TARTRATE,TABLET,ORAL,50MG,METOPROLOL TARTRATE,WATSON LABORATORIES INC,"May 27, 1994",METOPROLOL TARTRATE||50MG||TABLET||ORAL,50 mg,adult: 50-100 mg per dose,BID,adult
METOPROLOL TARTRATE,TABLET,ORAL,50MG,METOPROLOL TARTRATE,ALEMBIC PHARMACEUTICALS LTD,"May 28, 2013",METOPROLOL TARTRATE||50MG||TABLET||ORAL,50 mg,adult: 50-100 mg per dose,BID,adult
METOPROLOL SUCCINATE,"TABLET, EXTENDED RELEASE",ORAL,EQ 100MG TARTRATE,METOPROLOL SUCCINATE,ALKEM LABORATORIES LTD,"Nov 25, 2020","METOPROLOL SUCCINATE||EQ 100MG TARTRATE||TABLET, EXTENDED RELEASE||ORAL",eq 100 mg TARTRATE,adult: 25-200 mg daily,daily,adult
METOPROLOL SUCCINATE,"TABLET, EXTENDED RELEASE",ORAL,EQ 25MG TARTRATE,METOPROLOL SUCCINATE,NESHER PHARMACEUTICALS USA LLC,"Mar 20, 2008","METOPROLOL SUCCINATE||EQ 25MG TARTRATE||TABLET, EXTENDED RELEASE||ORAL",eq 25 mg TARTRATE,adult: 25-200 mg daily,daily,adult
METOPROLOL TARTRATE,TABLET,ORAL,75MG,METOPROLOL TARTRATE,RUBICON RESEARCH LTD,"Aug 21, 2019",METOPROLOL TARTRATE||75MG||TABLET||ORAL,75 mg,adult: 50-100 mg per dose,BID,adult
METOPROLOL SUCCINATE,"TABLET, EXTENDED RELEASE",ORAL,EQ 25MG TARTRATE,METOPROLOL SUCCINATE,SUNSHINE LAKE PHARMA CO LTD,"May 23, 2024","METOPROLOL SUCCINATE||EQ 25MG TARTRATE||TABLET, EXTENDED RELEASE||ORAL",eq 25 mg TARTRATE,adult: 25-200 mg daily,daily,adult
METOPROLOL SUCCINATE,"TABLET, EXTENDED RELEASE",ORAL,EQ 100MG TARTRATE,METOPROLOL SUCCINATE,ACTAVIS ELIZABETH LLC,"Nov 25, 2016","METOPROLOL SUCCINATE||EQ 100MG TARTRATE||TABLET, EXTENDED RELEASE||ORAL",eq 100 mg TARTRATE,adult: 25-200 mg daily,daily,adult
MELOXICAM,TABLET,ORAL,15MG,MELOXICAM,LUPIN PHARMACEUTICALS INC,"Jul 19, 2006",MELOXICAM||15MG||TABLET||ORAL,15 mg,adult: 7.5-15 mg daily; pediatric: 0.125 mg/kg daily (selected indications),daily,adult/pediatric
MELOXICAM,TABLET,ORAL,15MG,MELOXICAM,YABAO PHARMACEUTICAL CO LTD BEIJING,"Jul 19, 2006",MELOXICAM||15MG||TABLET||ORAL,15 mg,adult: 7.5-15 mg daily; pediatric: 0.125 mg/kg daily (selected indications),daily,adult/pediatric
BUPIVACAINE; MELOXICAM,"SOLUTION, EXTENDED RELEASE",PERIARTICULAR,200MG/7ML (29.25MG/ML); 6MG/7ML (0.88MG/ML),ZYNRELEF KIT,HERON THERAPEUTICS INC,"May 12, 2021","BUPIVACAINE; MELOXICAM||200MG/7ML (29.25MG/ML); 6MG/7ML (0.88MG/ML)||SOLUTION, EXTENDED RELEASE||PERIARTICULAR",200 mg/7 mL (29.25 mg/mL); 6 mg/7 mL (0.88 mg/mL),single-dose surgical-site infiltration by clinician; no repeat dosing,once,adult perioperative
MELOXICAM,TABLET,ORAL,7.5MG,MELOXICAM,ROXANE LABORATORIES INC,"Jul 19, 2006",MELOXICAM||7.5MG||TABLET||ORAL,7.5 mg,adult: 7.5-15 mg daily; pediatric: 0.125 mg/kg daily (selected indications),daily,adult/pediatric
MELOXICAM,CAPSULE,ORAL,10MG,MELOXICAM,NOVITIUM PHARMA LLC,"Mar 9, 2021",MELOXICAM||10MG||CAPSULE||ORAL,10 mg,adult: 7.5-15 mg daily; pediatric: 0.125 mg/kg daily (selected indications),daily,adult/pediatric
MELOXICAM,TABLET,ORAL,7.5MG **Federal Register determination that product was not discontinued or withdrawn for safety or effectiveness reasons**,MOBIC,BOEHRINGER INGELHEIM PHARMACEUTICALS INC,"Apr 13, 2000",MELOXICAM||7.5MG **Federal Register determination that product was not discontinued or withdrawn for safety or effectiveness reasons**||TABLET||ORAL,7.5 mg,adult: 7.5-15 mg daily; pediatric: 0.125 mg/kg daily (selected indications),daily,adult/pediatric
MELOXICAM,TABLET,ORAL,7.5MG,MELOXICAM,PURACAP PHARMACEUTICAL LLC,"Jul 19, 2006",MELOXICAM||7.5MG||TABLET||ORAL,7.5 mg,adult: 7.5-15 mg daily; pediatric: 0.125 mg/kg daily (selected indications),daily,adult/pediatric
MELOXICAM,TABLET,ORAL,7.5MG,MELOXICAM,CIPLA LTD,"Jul 19, 2006",MELOXICAM||7.5MG||TABLET||ORAL,7.5 mg,adult: 7.5-15 mg daily; pediatric: 0.125 mg/kg daily (selected indications),daily,adult/pediatric
MELOXICAM,"TABLET, ORALLY DISINTEGRATING",ORAL,15MG **Federal Register determination that product was not discontinued or withdrawn for safety or effectiveness reasons**,QMIIZ ODT,TERSERA THERAPEUTICS LLC,"Oct 19, 2018","MELOXICAM||15MG **Federal Register determination that product was not discontinued or withdrawn for safety or effectiveness reasons**||TABLET, ORALLY DISINTEGRATING||ORAL",15 mg,adult: 7.5-15 mg daily; pediatric: 0.125 mg/kg daily (selected indications),daily,adult/pediatric
MELOXICAM,TABLET,ORAL,15MG,MELOXICAM,UNICHEM LABORATORIES LTD,"Dec 20, 2006",MELOXICAM||15MG||TABLET||ORAL,15 mg,adult: 7.5-15 mg daily; pediatric: 0.125 mg/kg daily (selected indications),daily,adult/pediatric
MELOXICAM; RIZATRIPTAN BENZOATE,TABLET,ORAL,20MG; EQ 10MG BASE,SYMBRAVO,AXSOME THERAPEUTICS INC,"Jan 30, 2025",MELOXICAM; RIZATRIPTAN BENZOATE||20MG; EQ 10MG BASE||TABLET||ORAL,20 mg; eq 10 mg BASE,adult: 1 tablet at migraine onset,PRN; usually max 1 dose/24 h,adult
MELOXICAM,TABLET,ORAL,7.5MG,MELOXICAM,AIPING PHARMACEUTICAL INC,"Jul 19, 2006",MELOXICAM||7.5MG||TABLET||ORAL,7.5 mg,adult: 7.5-15 mg daily; pediatric: 0.125 mg/kg daily (selected indications),daily,adult/pediatric
MELOXICAM,TABLET,ORAL,7.5MG,MELOXICAM,IMPAX LABORATORIES INC,"Jul 19, 2006",MELOXICAM||7.5MG||TABLET||ORAL,7.5 mg,adult: 7.5-15 mg daily; pediatric: 0.125 mg/kg daily (selected indications),daily,adult/pediatric
MELOXICAM,TABLET,ORAL,7.5MG,MELOXICAM,COREPHARMA LLC,"Jul 20, 2006",MELOXICAM||7.5MG||TABLET||ORAL,7.5 mg,adult: 7.5-15 mg daily; pediatric: 0.125 mg/kg daily (selected indications),daily,adult/pediatric
BUPIVACAINE; MELOXICAM,"SOLUTION, EXTENDED RELEASE",PERIARTICULAR,60MG/2.3ML (29.25MG/ML); 1.8MG/2.3ML (0.88MG/ML),ZYNRELEF KIT,HERON THERAPEUTICS INC,"May 12, 2021","BUPIVACAINE; MELOXICAM||60MG/2.3ML (29.25MG/ML); 1.8MG/2.3ML (0.88MG/ML)||SOLUTION, EXTENDED RELEASE||PERIARTICULAR",60 mg/2.3 mL (29.25 mg/mL); 1.8 mg/2.3 mL (0.88 mg/mL),single-dose surgical-site infiltration by clinician; no repeat dosing,once,adult perioperative
MELOXICAM,TABLET,ORAL,15MG,MELOXICAM,COREPHARMA LLC,"Jul 20, 2006",MELOXICAM||15MG||TABLET||ORAL,15 mg,adult: 7.5-15 mg daily; pediatric: 0.125 mg/kg daily (selected indications),daily,adult/pediatric
MELOXICAM,CAPSULE,ORAL,5MG,MELOXICAM,NOVITIUM PHARMA LLC,"Mar 9, 2021",MELOXICAM||5MG||CAPSULE||ORAL,5 mg,adult: 7.5-15 mg daily; pediatric: 0.125 mg/kg daily (selected indications),daily,adult/pediatric
MELOXICAM,TABLET,ORAL,7.5MG,MELOXICAM,RISING PHARMA HOLDINGS INC,"Jul 25, 2006",MELOXICAM||7.5MG||TABLET||ORAL,7.5 mg,adult: 7.5-15 mg daily; pediatric: 0.125 mg/kg daily (selected indications),daily,adult/pediatric
MELOXICAM,TABLET,ORAL,7.5MG,MELOXICAM,CHINA RESOURCES DOUBLE CRANE PHARMACEUTICAL CO LTD,"Dec 14, 2006",MELOXICAM||7.5MG||TABLET||ORAL,7.5 mg,adult: 7.5-15 mg daily; pediatric: 0.125 mg/kg daily (selected indications),daily,adult/pediatric
MELOXICAM,SUSPENSION,ORAL,7.5MG/5ML,MELOXICAM,AVONDALE PHARMACEUTICALS LLC,"Jun 1, 2004",MELOXICAM||7.5MG/5ML||SUSPENSION||ORAL,7.5 mg/5 mL,adult: 7.5-15 mg daily; pediatric: 0.125 mg/kg daily (selected indications),daily,adult/pediatric
AMLODIPINE BESYLATE; CELECOXIB,TABLET,ORAL,EQ 10MG BASE; 200MG,CONSENSI,PURPLE BIOTECH LTD,"May 31, 2018",AMLODIPINE BESYLATE; CELECOXIB||EQ 10MG BASE; 200MG||TABLET||ORAL,eq 10 mg BASE; 200 mg,adult: 1 tablet daily,daily,adult
CELECOXIB,CAPSULE,ORAL,50MG,CELECOXIB,CSPC OUYI PHARMACEUTICAL CO LTD,"Jan 23, 2018",CELECOXIB||50MG||CAPSULE||ORAL,50 mg,adult: 100-200 mg once or twice daily; pediatric: 50-100 mg BID (selected indications),daily-BID,adult/pediatric
CELECOXIB,CAPSULE,ORAL,400MG,CELEBREX,UPJOHN US 2 LLC,"Aug 29, 2002",CELECOXIB||400MG||CAPSULE||ORAL,400 mg,adult: 100-200 mg once or twice daily; pediatric: 50-100 mg BID (selected indications),daily-BID,adult/pediatric
CELECOXIB,CAPSULE,ORAL,400MG,CELECOXIB,PANGEA PHARMACEUTICALS LLC,"Dec 9, 2020",CELECOXIB||400MG||CAPSULE||ORAL,400 mg,adult: 100-200 mg once or twice daily; pediatric: 50-100 mg BID (selected indications),daily-BID,adult/pediatric
CELECOXIB,CAPSULE,ORAL,400MG,CELECOXIB,WATSON LABORATORIES INC,"Feb 11, 2015",CELECOXIB||400MG||CAPSULE||ORAL,400 mg,adult: 100-200 mg once or twice daily; pediatric: 50-100 mg BID (selected indications),daily-BID,adult/pediatric
CELECOXIB,CAPSULE,ORAL,400MG,CELECOXIB,TEVA PHARMACEUTICALS USA INC,"May 30, 2014",CELECOXIB||400MG||CAPSULE||ORAL,400 mg,adult: 100-200 mg once or twice daily; pediatric: 50-100 mg BID (selected indications),daily-BID,adult/pediatric
CELECOXIB,CAPSULE,ORAL,100MG,CELECOXIB,MICRO LABS LTD,"Apr 30, 2018",CELECOXIB||100MG||CAPSULE||ORAL,100 mg,adult: 100-200 mg once or twice daily; pediatric: 50-100 mg BID (selected indications),daily-BID,adult/pediatric
CELECOXIB,CAPSULE,ORAL,200MG,CELECOXIB,LUPIN LTD,"Jun 9, 2015",CELECOXIB||200MG||CAPSULE||ORAL,200 mg,adult: 100-200 mg once or twice daily; pediatric: 50-100 mg BID (selected indications),daily-BID,adult/pediatric
CELECOXIB,CAPSULE,ORAL,200MG,CELECOXIB,UNICHEM LABORATORIES LTD,"Jan 12, 2021",CELECOXIB||200MG||CAPSULE||ORAL,200 mg,adult: 100-200 mg once or twice daily; pediatric: 50-100 mg BID (selected indications),daily-BID,adult/pediatric
CELECOXIB,CAPSULE,ORAL,50MG,CELECOXIB,LUPIN LTD,"Oct 29, 2014",CELECOXIB||50MG||CAPSULE||ORAL,50 mg,adult: 100-200 mg once or twice daily; pediatric: 50-100 mg BID (selected indications),daily-BID,adult/pediatric
CELECOXIB,CAPSULE,ORAL,50MG,CELECOXIB,JUBILANT GENERICS LTD,"Apr 4, 2017",CELECOXIB||50MG||CAPSULE||ORAL,50 mg,adult: 100-200 mg once or twice daily; pediatric: 50-100 mg BID (selected indications),daily-BID,adult/pediatric
CELECOXIB,CAPSULE,ORAL,200MG,CELECOXIB,MICRO LABS LTD,"Apr 30, 2018",CELECOXIB||200MG||CAPSULE||ORAL,200 mg,adult: 100-200 mg once or twice daily; pediatric: 50-100 mg BID (selected indications),daily-BID,adult/pediatric
CELECOXIB; TRAMADOL HYDROCHLORIDE,TABLET,ORAL,56MG; 44MG,SEGLENTIS,KOWA PHARMACEUTICALS AMERICA INC,"Oct 15, 2021",CELECOXIB; TRAMADOL HYDROCHLORIDE||56MG; 44MG||TABLET||ORAL,56 mg; 44 mg,adult: 2 tablets per dose,q12h,adult
CELECOXIB,CAPSULE,ORAL,50MG,CELECOXIB,PHARMOBEDIENT CONSULTING LLC,"May 30, 2014",CELECOXIB||50MG||CAPSULE||ORAL,50 mg,adult: 100-200 mg once or twice daily; pediatric: 50-100 mg BID (selected indications),daily-BID,adult/pediatric
CELECOXIB,CAPSULE,ORAL,50MG,CELECOXIB,TORRENT PHARMACEUTICALS LTD,"Dec 23, 2015",CELECOXIB||50MG||CAPSULE||ORAL,50 mg,adult: 100-200 mg once or twice daily; pediatric: 50-100 mg BID (selected indications),daily-BID,adult/pediatric
CELECOXIB; TRAMADOL HYDROCHLORIDE,TABLET,ORAL,56MG; 44MG,SEGLENTIS,KOWA PHARMACEUTICALS AMERICA INC,"Oct 15, 2021",CELECOXIB; TRAMADOL HYDROCHLORIDE||56MG; 44MG||TABLET||ORAL,56 mg; 44 mg,adult: 2 tablets per dose,q12h,adult
CELECOXIB,CAPSULE,ORAL,200MG,CELECOXIB,WATSON LABORATORIES INC,"Feb 11, 2015",CELECOXIB||200MG||CAPSULE||ORAL,200 mg,adult: 100-200 mg once or twice daily; pediatric: 50-100 mg BID (selected indications),daily-BID,adult/pediatric
CELECOXIB,CAPSULE,ORAL,50MG,CELECOXIB,AMNEAL PHARMACEUTICALS OF NEW YORK LLC,"May 31, 2018",CELECOXIB||50MG||CAPSULE||ORAL,50 mg,adult: 100-200 mg once or twice daily; pediatric: 50-100 mg BID (selected indications),daily-BID,adult/pediatric
CELECOXIB,CAPSULE,ORAL,400MG,CELECOXIB,SCIEGEN PHARMACEUTICALS INC,"Dec 3, 2020",CELECOXIB||400MG||CAPSULE||ORAL,400 mg,adult: 100-200 mg once or twice daily; pediatric: 50-100 mg BID (selected indications),daily-BID,adult/pediatric
CELECOXIB,CAPSULE,ORAL,200MG,CELECOXIB,CADILA PHARMACEUTICALS LTD,"Nov 14, 2019",CELECOXIB||200MG||CAPSULE||ORAL,200 mg,adult: 100-200 mg once or twice daily; pediatric: 50-100 mg BID (selected indications),daily-BID,adult/pediatric
DICLOFENAC SODIUM,"TABLET, DELAYED RELEASE",ORAL,75MG,DICLOFENAC SODIUM,MICRO LABS LTD,"Feb 26, 1999","DICLOFENAC SODIUM||75MG||TABLET, DELAYED RELEASE||ORAL",75 mg,adult: 25-75 mg per dose,BID-TID,adult
DICLOFENAC SODIUM; MISOPROSTOL,"TABLET, DELAYED RELEASE",ORAL,75MG; 0.2MG,DICLOFENAC SODIUM AND MISOPROSTOL,YUNG SHIN PHARMACEUTICAL INDUSTRIAL CO LTD,"Feb 19, 2020","DICLOFENAC SODIUM; MISOPROSTOL||75MG; 0.2MG||TABLET, DELAYED RELEASE||ORAL",75 mg; 0.2 mg,adult: 1 tablet per dose,BID-TID,adult
DICLOFENAC SODIUM,SOLUTION/DROPS,OPHTHALMIC,0.1%,DICLOFENAC SODIUM,FALCON PHARMACEUTICALS LTD,"May 4, 1998",DICLOFENAC SODIUM||0.1%||SOLUTION/DROPS||OPHTHALMIC,0.1 %,adult: 1 drop in affected eye,QID,adult
DICLOFENAC SODIUM; MISOPROSTOL,"TABLET, DELAYED RELEASE",ORAL,75MG; 0.2MG,ARTHROTEC,PFIZER INC,"Dec 24, 1997","DICLOFENAC SODIUM; MISOPROSTOL||75MG; 0.2MG||TABLET, DELAYED RELEASE||ORAL",75 mg; 0.2 mg,adult: 1 tablet per dose,BID-TID,adult
DICLOFENAC SODIUM; MISOPROSTOL,"TABLET, DELAYED RELEASE",ORAL,50MG; 0.2MG,ARTHROTEC,PFIZER INC,"Dec 24, 1997","DICLOFENAC SODIUM; MISOPROSTOL||50MG; 0.2MG||TABLET, DELAYED RELEASE||ORAL",50 mg; 0.2 mg,adult: 1 tablet per dose,BID-TID,adult
DICLOFENAC SODIUM,"TABLET, DELAYED RELEASE",ORAL,75MG,DICLOFENAC SODIUM,UMEDICA LABORATORIES PRIVATE LTD,"Nov 5, 2025","DICLOFENAC SODIUM||75MG||TABLET, DELAYED RELEASE||ORAL",75 mg,adult: 25-75 mg per dose,BID-TID,adult
DICLOFENAC SODIUM,SOLUTION/DROPS,OPHTHALMIC,0.1%,DICLOFENAC SODIUM,RISING PHARMA HOLDINGS INC,"Dec 28, 2007",DICLOFENAC SODIUM||0.1%||SOLUTION/DROPS||OPHTHALMIC,0.1 %,adult: 1 drop in affected eye,QID,adult
DICLOFENAC SODIUM,"TABLET, DELAYED RELEASE",ORAL,50MG,DICLOFENAC SODIUM,TEVA PHARMACEUTICALS USA,"Jun 25, 1997","DICLOFENAC SODIUM||50MG||TABLET, DELAYED RELEASE||ORAL",50 mg,adult: 25-75 mg per dose,BID-TID,adult
DICLOFENAC SODIUM,SOLUTION,TOPICAL,1.5%,DICLOFENAC SODIUM,SUN PHARMA CANADA INC,"Nov 26, 2014",DICLOFENAC SODIUM||1.5%||SOLUTION||TOPICAL,1.5 %,adult: 40 drops to each affected knee,QID,adult
DICLOFENAC SODIUM,GEL,TOPICAL,3%,DICLOFENAC SODIUM,ACTAVIS MID ATLANTIC LLC,"Dec 2, 2015",DICLOFENAC SODIUM||3%||GEL||TOPICAL,3 %,adult: apply thin layer to lesion/affected area,BID,adult
DICLOFENAC SODIUM,SOLUTION,TOPICAL,2%,DICLOFENAC SODIUM,LUPIN PHARMACEUTICALS INC,"Sep 20, 2022",DICLOFENAC SODIUM||2%||SOLUTION||TOPICAL,2 %,adult: 2 pumps to each affected knee,BID,adult
DICLOFENAC SODIUM,"TABLET, DELAYED RELEASE",ORAL,50MG,DICLOFENAC SODIUM,AUROBINDO PHARMA USA INC,"Feb 12, 2002","DICLOFENAC SODIUM||50MG||TABLET, DELAYED RELEASE||ORAL",50 mg,adult: 25-75 mg per dose,BID-TID,adult
DICLOFENAC SODIUM,"TABLET, DELAYED RELEASE",ORAL,25MG,DICLOFENAC SODIUM,CHARTWELL RX SCIENCES LLC,"Sep 28, 1995","DICLOFENAC SODIUM||25MG||TABLET, DELAYED RELEASE||ORAL",25 mg,adult: 25-75 mg per dose,BID-TID,adult
DICLOFENAC SODIUM,"TABLET, DELAYED RELEASE",ORAL,50MG,DICLOFENAC SODIUM,UMEDICA LABORATORIES PRIVATE LTD,"Nov 5, 2025","DICLOFENAC SODIUM||50MG||TABLET, DELAYED RELEASE||ORAL",50 mg,adult: 25-75 mg per dose,BID-TID,adult
DICLOFENAC SODIUM,"TABLET, DELAYED RELEASE",ORAL,75MG **Federal Register determination that product was not discontinued or withdrawn for safety or effectiveness reasons**,VOLTAREN,NOVARTIS PHARMACEUTICALS CORP,"Jul 28, 1988","DICLOFENAC SODIUM||75MG **Federal Register determination that product was not discontinued or withdrawn for safety or effectiveness reasons**||TABLET, DELAYED RELEASE||ORAL",75 mg,adult: 25-75 mg per dose,BID-TID,adult
DICLOFENAC SODIUM,GEL,TOPICAL,3%,DICLOFENAC SODIUM,SUN PHARMA CANADA INC,"Apr 28, 2016",DICLOFENAC SODIUM||3%||GEL||TOPICAL,3 %,adult: apply thin layer to lesion/affected area,BID,adult
DICLOFENAC SODIUM,"TABLET, DELAYED RELEASE",ORAL,50MG,DICLOFENAC SODIUM,CHARTWELL RX SCIENCES LLC,"Sep 28, 1995","DICLOFENAC SODIUM||50MG||TABLET, DELAYED RELEASE||ORAL",50 mg,adult: 25-75 mg per dose,BID-TID,adult
DICLOFENAC SODIUM,"TABLET, DELAYED RELEASE",ORAL,50MG,DICLOFENAC SODIUM,MICRO LABS LTD,"Feb 26, 1999","DICLOFENAC SODIUM||50MG||TABLET, DELAYED RELEASE||ORAL",50 mg,adult: 25-75 mg per dose,BID-TID,adult
DICLOFENAC SODIUM,SOLUTION,TOPICAL,1.5%,DICLOFENAC SODIUM,ZYDUS LIFESCIENCES LTD,"Apr 17, 2018",DICLOFENAC SODIUM||1.5%||SOLUTION||TOPICAL,1.5 %,adult: 40 drops to each affected knee,QID,adult
DICLOFENAC SODIUM,"TABLET, DELAYED RELEASE",ORAL,50MG,DICLOFENAC SODIUM,CARLSBAD TECHNOLOGY INC,"Nov 13, 1998","DICLOFENAC SODIUM||50MG||TABLET, DELAYED RELEASE||ORAL",50 mg,adult: 25-75 mg per dose,BID-TID,adult
NAPROXEN SODIUM; SUMATRIPTAN SUCCINATE,TABLET,ORAL,60MG; EQ 10MG BASE,TREXIMET,CURRAX PHARMACEUTICALS LLC,"May 14, 2015",NAPROXEN SODIUM; SUMATRIPTAN SUCCINATE||60MG; EQ 10MG BASE||TABLET||ORAL,60 mg; eq 10 mg BASE,adult/adolescent >=12: 1 tablet at migraine onset; may repeat once after 2 h in selected labeling,PRN,adult/adolescent >=12
NAPROXEN SODIUM; SUMATRIPTAN SUCCINATE,TABLET,ORAL,60MG; EQ 10MG BASE,TREXIMET,CURRAX PHARMACEUTICALS LLC,"May 14, 2015",NAPROXEN SODIUM; SUMATRIPTAN SUCCINATE||60MG; EQ 10MG BASE||TABLET||ORAL,60 mg; eq 10 mg BASE,adult/adolescent >=12: 1 tablet at migraine onset; may repeat once after 2 h in selected labeling,PRN,adult/adolescent >=12
NAPROXEN,TABLET,ORAL,500MG,NAPROXEN,GLENMARK PHARMACEUTICALS LTD,"Mar 28, 2007",NAPROXEN||500MG||TABLET||ORAL,500 mg,adult: 250-500 mg per dose,BID,adult
NAPROXEN,SUSPENSION,ORAL,25MG/ML,NAPROXEN,HETERO LABS LTD UNIT III,"Jun 7, 2022",NAPROXEN||25MG/ML||SUSPENSION||ORAL,25 mg/mL,adult: 250-500 mg BID; pediatric: 10 mg/kg/day divided BID,BID,adult/pediatric
DIPHENHYDRAMINE HYDROCHLORIDE; NAPROXEN SODIUM,TABLET,ORAL,25MG; 220MG,NAPROXEN SODIUM AND DIPHENHYDRAMINE HYDROCHLORIDE,P AND L DEVELOPMENT LLC,"Jan 25, 2019",DIPHENHYDRAMINE HYDROCHLORIDE; NAPROXEN SODIUM||25MG; 220MG||TABLET||ORAL,25 mg; 220 mg,adult/adolescent >=12: 2 tablets at bedtime,nightly PRN,adult/adolescent >=12
NAPROXEN SODIUM,TABLET,ORAL,220MG,NAPROXEN SODIUM,GRANULES INDIA LTD,"Sep 20, 2011",NAPROXEN SODIUM||220MG||TABLET||ORAL,220 mg,adult/adolescent >=12: 220-550 mg per dose,q8-12h PRN,adult/adolescent >=12
NAPROXEN SODIUM,TABLET,ORAL,EQ 250MG BASE,NAPROXEN SODIUM,SANDOZ INC,"Dec 5, 1994",NAPROXEN SODIUM||EQ 250MG BASE||TABLET||ORAL,eq 250 mg BASE,adult/adolescent >=12: 220-550 mg per dose,q8-12h PRN,adult/adolescent >=12
ESOMEPRAZOLE MAGNESIUM; NAPROXEN,"TABLET, DELAYED RELEASE",ORAL,EQ 20MG BASE; 375MG,NAPROXEN AND ESOMEPRAZOLE MAGNESIUM,ACTAVIS LABORATORIES FL INC,"Aug 24, 2022","ESOMEPRAZOLE MAGNESIUM; NAPROXEN||EQ 20MG BASE; 375MG||TABLET, DELAYED RELEASE||ORAL",eq 20 mg BASE; 375 mg,"adult: 1 tablet per dose, at least 30 min before meals",BID,adult
NAPROXEN,TABLET,ORAL,375MG,NAPROXEN,AUROBINDO PHARMA LTD,"Nov 8, 2011",NAPROXEN||375MG||TABLET||ORAL,375 mg,adult: 250-500 mg per dose,BID,adult
NAPROXEN,TABLET,ORAL,375MG,NAPROXEN,IVAX PHARMACEUTICALS INC SUB TEVA PHARMACEUTICALS USA,"Feb 28, 1995",NAPROXEN||375MG||TABLET||ORAL,375 mg,adult: 250-500 mg per dose,BID,adult
NAPROXEN,SUSPENSION,ORAL,25MG/ML,NAPROXEN,AUROBINDO PHARMA LTD,"Oct 3, 2025",NAPROXEN||25MG/ML||SUSPENSION||ORAL,25 mg/mL,adult: 250-500 mg BID; pediatric: 10 mg/kg/day divided BID,BID,adult/pediatric
NAPROXEN SODIUM,TABLET,ORAL,EQ 500MG BASE,NAPROXEN SODIUM,IVAX PHARMACEUTICALS INC SUB TEVA PHARMACEUTICALS USA,"Mar 14, 1995",NAPROXEN SODIUM||EQ 500MG BASE||TABLET||ORAL,eq 500 mg BASE,adult/adolescent >=12: 220-550 mg per dose,q8-12h PRN,adult/adolescent >=12
NAPROXEN SODIUM,TABLET,ORAL,EQ 500MG BASE,NAPROXEN SODIUM,DR REDDYS LABORATORIES LTD,"Jul 26, 2007",NAPROXEN SODIUM||EQ 500MG BASE||TABLET||ORAL,eq 500 mg BASE,adult/adolescent >=12: 220-550 mg per dose,q8-12h PRN,adult/adolescent >=12
DIPHENHYDRAMINE HYDROCHLORIDE; NAPROXEN SODIUM,TABLET,ORAL,25MG; 220MG,NAPROXEN SODIUM AND DIPHENHYDRAMINE HYDROCHLORIDE,COREPHARMA LLC,"Aug 22, 2019",DIPHENHYDRAMINE HYDROCHLORIDE; NAPROXEN SODIUM||25MG; 220MG||TABLET||ORAL,25 mg; 220 mg,adult/adolescent >=12: 2 tablets at bedtime,nightly PRN,adult/adolescent >=12
NAPROXEN,TABLET,ORAL,375MG,NAPROXEN,TEVA PHARMACEUTICALS USA,"Dec 21, 1993",NAPROXEN||375MG||TABLET||ORAL,375 mg,adult: 250-500 mg per dose,BID,adult
NAPROXEN,"TABLET, DELAYED RELEASE",ORAL,375MG,NAPROXEN,NUVO PHAMACEUTICALS INC,"Sep 19, 2011","NAPROXEN||375MG||TABLET, DELAYED RELEASE||ORAL",375 mg,adult: 250-500 mg per dose,BID,adult
NAPROXEN SODIUM,TABLET,ORAL,EQ 250MG BASE,NAPROXEN SODIUM,PUREPAC PHARMACEUTICAL CO,"Mar 20, 1995",NAPROXEN SODIUM||EQ 250MG BASE||TABLET||ORAL,eq 250 mg BASE,adult/adolescent >=12: 220-550 mg per dose,q8-12h PRN,adult/adolescent >=12
NAPROXEN SODIUM,CAPSULE,ORAL,EQ 200MG BASE,NAPROXEN SODIUM,PATHEON SOFTGELS BV,"Jan 10, 2023",NAPROXEN SODIUM||EQ 200MG BASE||CAPSULE||ORAL,eq 200 mg BASE,adult/adolescent >=12: 220-550 mg per dose,q8-12h PRN,adult/adolescent >=12
NAPROXEN,TABLET,ORAL,500MG,NAPROXEN,AMNEAL PHARMACEUTICALS NY LLC,"Dec 18, 2001",NAPROXEN||500MG||TABLET||ORAL,500 mg,adult: 250-500 mg per dose,BID,adult
NAPROXEN SODIUM,TABLET,ORAL,EQ 250MG BASE,NAPROXEN SODIUM,WATSON LABORATORIES INC,"Dec 21, 1993",NAPROXEN SODIUM||EQ 250MG BASE||TABLET||ORAL,eq 250 mg BASE,adult/adolescent >=12: 220-550 mg per dose,q8-12h PRN,adult/adolescent >=12
TRAMADOL HYDROCHLORIDE,TABLET,ORAL,50MG,TRAMADOL HYDROCHLORIDE,SUN PHARMACEUTICAL INDUSTRIES INC,"Jun 19, 2002",TRAMADOL HYDROCHLORIDE||50MG||TABLET||ORAL,50 mg,adult: 50-100 mg per dose,q4-6h PRN,adult
TRAMADOL HYDROCHLORIDE,"TABLET, EXTENDED RELEASE",ORAL,100MG,TRAMADOL HYDROCHLORIDE,MACLEODS PHARMACEUTICALS LTD,"Jan 31, 2025","TRAMADOL HYDROCHLORIDE||100MG||TABLET, EXTENDED RELEASE||ORAL",100 mg,adult: 100-300 mg daily,daily,adult
TRAMADOL HYDROCHLORIDE,"TABLET, EXTENDED RELEASE",ORAL,300MG,TRAMADOL HYDROCHLORIDE,SUN PHARMACEUTICAL INDUSTRIES LTD,"Dec 7, 2011","TRAMADOL HYDROCHLORIDE||300MG||TABLET, EXTENDED RELEASE||ORAL",300 mg,adult: 100-300 mg daily,daily,adult
TRAMADOL HYDROCHLORIDE,"TABLET, EXTENDED RELEASE",ORAL,200MG **Federal Register determination that product was not discontinued or withdrawn for safety or effectiveness reasons**,RYZOLT,PURDUE PHARMA PRODUCTS LP,"Dec 30, 2008","TRAMADOL HYDROCHLORIDE||200MG **Federal Register determination that product was not discontinued or withdrawn for safety or effectiveness reasons**||TABLET, EXTENDED RELEASE||ORAL",200 mg,adult: 100-300 mg daily,daily,adult
TRAMADOL HYDROCHLORIDE,TABLET,ORAL,50MG,TRAMADOL HYDROCHLORIDE,RUBICON RESEARCH LTD,"Jun 28, 2019",TRAMADOL HYDROCHLORIDE||50MG||TABLET||ORAL,50 mg,adult: 50-100 mg per dose,q4-6h PRN,adult
ACETAMINOPHEN; TRAMADOL HYDROCHLORIDE,TABLET,ORAL,325MG; 37.5MG,TRAMADOL HYDROCHLORIDE AND ACETAMINOPHEN,CHARTWELL RX SCIENCES LLC,"Apr 21, 2005",ACETAMINOPHEN; TRAMADOL HYDROCHLORIDE||325MG; 37.5MG||TABLET||ORAL,325 mg; 37.5 mg,adult: 2 tablets per dose; max 8 tablets/day,q4-6h PRN,adult
TRAMADOL HYDROCHLORIDE,TABLET,ORAL,100MG,TRAMADOL HYDROCHLORIDE,GRAVITI PHARMACEUTICALS PRIVATE LTD,"Aug 2, 2024",TRAMADOL HYDROCHLORIDE||100MG||TABLET||ORAL,100 mg,adult: 50-100 mg per dose,q4-6h PRN,adult
TRAMADOL HYDROCHLORIDE,"TABLET, ORALLY DISINTEGRATING",ORAL,50MG,RYBIX ODT,SHIONOGI INC,"May 5, 2005","TRAMADOL HYDROCHLORIDE||50MG||TABLET, ORALLY DISINTEGRATING||ORAL",50 mg,adult: 50-100 mg per dose,q4-6h PRN,adult
TRAMADOL HYDROCHLORIDE,TABLET,ORAL,75MG,TRAMADOL HYDROCHLORIDE,RUBICON RESEARCH LTD,"Apr 4, 2024",TRAMADOL HYDROCHLORIDE||75MG||TABLET||ORAL,75 mg,adult: 50-100 mg per dose,q4-6h PRN,adult
TRAMADOL HYDROCHLORIDE,"TABLET, EXTENDED RELEASE",ORAL,200MG,TRAMADOL HYDROCHLORIDE,LUPIN LTD,"Aug 29, 2011","TRAMADOL HYDROCHLORIDE||200MG||TABLET, EXTENDED RELEASE||ORAL",200 mg,adult: 100-300 mg daily,daily,adult
TRAMADOL HYDROCHLORIDE,TABLET,ORAL,50MG,TRAMADOL HYDROCHLORIDE,UNICHEM LABORATORIES LTD,"Aug 9, 2019",TRAMADOL HYDROCHLORIDE||50MG||TABLET||ORAL,50 mg,adult: 50-100 mg per dose,q4-6h PRN,adult
TRAMADOL HYDROCHLORIDE,TABLET,ORAL,50MG,TRAMADOL HYDROCHLORIDE,IPCA LABORATORIES LTD,"Nov 16, 2012",TRAMADOL HYDROCHLORIDE||50MG||TABLET||ORAL,50 mg,adult: 50-100 mg per dose,q4-6h PRN,adult
TRAMADOL HYDROCHLORIDE,TABLET,ORAL,50MG,TRAMADOL HYDROCHLORIDE,SENORES PHARMACEUTICALS INC,"Jan 31, 2011",TRAMADOL HYDROCHLORIDE||50MG||TABLET||ORAL,50 mg,adult: 50-100 mg per dose,q4-6h PRN,adult
TRAMADOL HYDROCHLORIDE,"TABLET, EXTENDED RELEASE",ORAL,200MG,TRAMADOL HYDROCHLORIDE,MYLAN PHARMACEUTICALS INC,"Dec 22, 2015","TRAMADOL HYDROCHLORIDE||200MG||TABLET, EXTENDED RELEASE||ORAL",200 mg,adult: 100-300 mg daily,daily,adult
TRAMADOL HYDROCHLORIDE,"TABLET, EXTENDED RELEASE",ORAL,100MG,TRAMADOL HYDROCHLORIDE,MACLEODS PHARMACEUTICALS LTD,"Jan 31, 2025","TRAMADOL HYDROCHLORIDE||100MG||TABLET, EXTENDED RELEASE||ORAL",100 mg,adult: 100-300 mg daily,daily,adult
ACETAMINOPHEN; TRAMADOL HYDROCHLORIDE,TABLET,ORAL,325MG; 37.5MG,TRAMADOL HYDROCHLORIDE AND ACETAMINOPHEN,MACLEODS PHARMACEUTICALS LTD,"May 2, 2017",ACETAMINOPHEN; TRAMADOL HYDROCHLORIDE||325MG; 37.5MG||TABLET||ORAL,325 mg; 37.5 mg,adult: 2 tablets per dose; max 8 tablets/day,q4-6h PRN,adult
TRAMADOL HYDROCHLORIDE,TABLET,ORAL,50MG,TRAMADOL HYDROCHLORIDE,PLIVA INC,"Jul 1, 2002",TRAMADOL HYDROCHLORIDE||50MG||TABLET||ORAL,50 mg,adult: 50-100 mg per dose,q4-6h PRN,adult
TRAMADOL HYDROCHLORIDE,TABLET,ORAL,50MG,TRAMADOL HYDROCHLORIDE,SUN PHARMACEUTICAL INDUSTRIES INC,"Jun 20, 2002",TRAMADOL HYDROCHLORIDE||50MG||TABLET||ORAL,50 mg,adult: 50-100 mg per dose,q4-6h PRN,adult
TRAMADOL HYDROCHLORIDE,"TABLET, EXTENDED RELEASE",ORAL,300MG,TRAMADOL HYDROCHLORIDE,STRIDES PHARMA INTERNATIONAL AG,"Sep 20, 2011","TRAMADOL HYDROCHLORIDE||300MG||TABLET, EXTENDED RELEASE||ORAL",300 mg,adult: 100-300 mg daily,daily,adult
TRAMADOL HYDROCHLORIDE,TABLET,ORAL,50MG,TRAMADOL HYDROCHLORIDE,STRIDES PHARMA GLOBAL PTE LTD,"Nov 28, 2011",TRAMADOL HYDROCHLORIDE||50MG||TABLET||ORAL,50 mg,adult: 50-100 mg per dose,q4-6h PRN,adult
GUAIFENESIN; HYDROCODONE BITARTRATE,SOLUTION,ORAL,200MG/5ML; 2.5MG/5ML,FLOWTUSS,CHARTWELL RX SCIENCES LLC,"May 14, 2015",GUAIFENESIN; HYDROCODONE BITARTRATE||200MG/5ML; 2.5MG/5ML||SOLUTION||ORAL,200 mg/5 mL; 2.5 mg/5 mL,adult: 5 mL per dose,q4-6h PRN,adult
DEXTROMETHORPHAN HYDROBROMIDE; GUAIFENESIN,"TABLET, EXTENDED RELEASE",ORAL,60MG; 1.2GM,GUAIFENESIN AND DEXTROMETHORPHAN HYDROBROMIDE,SUN PHARMACEUTICAL INDUSTRIES LTD,"Jul 1, 2021","DEXTROMETHORPHAN HYDROBROMIDE; GUAIFENESIN||60MG; 1.2GM||TABLET, EXTENDED RELEASE||ORAL",60 mg; 1.2 g,adult/adolescent >=12: 1-2 ER tablets per dose,q12h,adult/adolescent >=12
DEXTROMETHORPHAN HYDROBROMIDE; GUAIFENESIN,"TABLET, EXTENDED RELEASE",ORAL,30MG; 600MG,GUAIFENESIN AND DEXTROMETHORPHAN HYDROBROMIDE,PERRIGO R AND D CO,"Mar 5, 2018","DEXTROMETHORPHAN HYDROBROMIDE; GUAIFENESIN||30MG; 600MG||TABLET, EXTENDED RELEASE||ORAL",30 mg; 600 mg,adult/adolescent >=12: 1-2 ER tablets per dose,q12h,adult/adolescent >=12
GUAIFENESIN,"TABLET, EXTENDED RELEASE",ORAL,1.2GM,GUAIFENESIN,GRANULES INDIA LTD,"May 8, 2020","GUAIFENESIN||1.2GM||TABLET, EXTENDED RELEASE||ORAL",1.2 g,adult/adolescent >=12: 600-1200 mg per dose,q12h,adult/adolescent >=12
GUAIFENESIN; PSEUDOEPHEDRINE HYDROCHLORIDE,"TABLET, EXTENDED RELEASE",ORAL,1.2GM; 120MG,GUAIFENESIN AND PSEUDOEPHEDRINE HYDROCHLORIDE,ACTAVIS LABORATORIES FL INC AN INDIRECT WHOLLY OWNED SUB OF TEVA PHARMACEUTICALS USA INC,"May 27, 2015","GUAIFENESIN; PSEUDOEPHEDRINE HYDROCHLORIDE||1.2GM; 120MG||TABLET, EXTENDED RELEASE||ORAL",1.2 g; 120 mg,adult/adolescent >=12: 1 ER tablet per dose,q12h,adult/adolescent >=12
DEXTROMETHORPHAN HYDROBROMIDE; GUAIFENESIN,"TABLET, EXTENDED RELEASE",ORAL,60MG; 1.2GM,GUAIFENESIN AND DEXTROMETHORPHAN HYDROBROMIDE,AUROBINDO PHARMA LTD,"Mar 17, 2017","DEXTROMETHORPHAN HYDROBROMIDE; GUAIFENESIN||60MG; 1.2GM||TABLET, EXTENDED RELEASE||ORAL",60 mg; 1.2 g,adult/adolescent >=12: 1-2 ER tablets per dose,q12h,adult/adolescent >=12
GUAIFENESIN,"TABLET, EXTENDED RELEASE",ORAL,1.2GM,GUAIFENESIN,OHM LABORATORIES INC,"Jul 16, 2018","GUAIFENESIN||1.2GM||TABLET, EXTENDED RELEASE||ORAL",1.2 g,adult/adolescent >=12: 600-1200 mg per dose,q12h,adult/adolescent >=12
GUAIFENESIN,"TABLET, EXTENDED RELEASE",ORAL,1.2GM,MUCINEX,RB HEALTH US LLC,"Dec 18, 2002","GUAIFENESIN||1.2GM||TABLET, EXTENDED RELEASE||ORAL",1.2 g,adult/adolescent >=12: 600-1200 mg per dose,q12h,adult/adolescent >=12
GUAIFENESIN; PSEUDOEPHEDRINE HYDROCHLORIDE,"TABLET, EXTENDED RELEASE",ORAL,1.2GM; 120MG,GUAIFENESIN AND PSEUDOEPHEDRINE HYDROCHLORIDE,AUROBINDO PHARMA LTD,"Mar 25, 2020","GUAIFENESIN; PSEUDOEPHEDRINE HYDROCHLORIDE||1.2GM; 120MG||TABLET, EXTENDED RELEASE||ORAL",1.2 g; 120 mg,adult/adolescent >=12: 1 ER tablet per dose,q12h,adult/adolescent >=12
DEXTROMETHORPHAN HYDROBROMIDE; GUAIFENESIN,"TABLET, EXTENDED RELEASE",ORAL,60MG; 1.2GM,GUAIFENESIN AND DEXTROMETHORPHAN HYDROBROMIDE,AUROBINDO PHARMA LTD,"Mar 17, 2017","DEXTROMETHORPHAN HYDROBROMIDE; GUAIFENESIN||60MG; 1.2GM||TABLET, EXTENDED RELEASE||ORAL",60 mg; 1.2 g,adult/adolescent >=12: 1-2 ER tablets per dose,q12h,adult/adolescent >=12
GUAIFENESIN; HYDROCODONE BITARTRATE,SOLUTION,ORAL,200MG/5ML; 2.5MG/5ML,OBREDON,SOVEREIGN PHARMACEUTICALS LLC,"Nov 14, 2014",GUAIFENESIN; HYDROCODONE BITARTRATE||200MG/5ML; 2.5MG/5ML||SOLUTION||ORAL,200 mg/5 mL; 2.5 mg/5 mL,adult: 5 mL per dose,q4-6h PRN,adult
GUAIFENESIN; PSEUDOEPHEDRINE HYDROCHLORIDE,"TABLET, EXTENDED RELEASE",ORAL,1.2GM; 120MG,GUAIFENESIN AND PSEUDOEPHEDRINE HYDROCHLORIDE,SUN PHARMACEUTICAL INDUSTRIES INC,"Apr 28, 2020","GUAIFENESIN; PSEUDOEPHEDRINE HYDROCHLORIDE||1.2GM; 120MG||TABLET, EXTENDED RELEASE||ORAL",1.2 g; 120 mg,adult/adolescent >=12: 1 ER tablet per dose,q12h,adult/adolescent >=12
DEXTROMETHORPHAN HYDROBROMIDE; GUAIFENESIN,"TABLET, EXTENDED RELEASE",ORAL,30MG; 600MG,GUAIFENESIN AND DEXTROMETHORPHAN HYDROBROMIDE,ACTAVIS LABORATORIES FL INC AN INDIRECT WHOLLY OWNED SUB OF TEVA PHARMACEUTICALS USA INC,"Aug 31, 2015","DEXTROMETHORPHAN HYDROBROMIDE; GUAIFENESIN||30MG; 600MG||TABLET, EXTENDED RELEASE||ORAL",30 mg; 600 mg,adult/adolescent >=12: 1-2 ER tablets per dose,q12h,adult/adolescent >=12
GUAIFENESIN,"TABLET, EXTENDED RELEASE",ORAL,1.2GM,GUAIFENESIN,AMNEAL PHARMACEUTICALS OF NEW YORK LLC,"Jul 11, 2018","GUAIFENESIN||1.2GM||TABLET, EXTENDED RELEASE||ORAL",1.2 g,adult/adolescent >=12: 600-1200 mg per dose,q12h,adult/adolescent >=12
GUAIFENESIN,"TABLET, EXTENDED RELEASE",ORAL,600MG,GUAIFENESIN,GRANULES INDIA LTD,"May 8, 2020","GUAIFENESIN||600MG||TABLET, EXTENDED RELEASE||ORAL",600 mg,adult/adolescent >=12: 600-1200 mg per dose,q12h,adult/adolescent >=12
DEXTROMETHORPHAN HYDROBROMIDE; GUAIFENESIN,"TABLET, EXTENDED RELEASE",ORAL,60MG; 1.2GM,GUAIFENESIN AND DEXTROMETHORPHAN HYDROBROMIDE,SUN PHARMACEUTICAL INDUSTRIES LTD,"Jul 1, 2021","DEXTROMETHORPHAN HYDROBROMIDE; GUAIFENESIN||60MG; 1.2GM||TABLET, EXTENDED RELEASE||ORAL",60 mg; 1.2 g,adult/adolescent >=12: 1-2 ER tablets per dose,q12h,adult/adolescent >=12
DEXTROMETHORPHAN HYDROBROMIDE; GUAIFENESIN,"TABLET, EXTENDED RELEASE",ORAL,60MG; 1.2GM,MUCINEX DM,RB HEALTH US LLC,"Apr 29, 2004","DEXTROMETHORPHAN HYDROBROMIDE; GUAIFENESIN||60MG; 1.2GM||TABLET, EXTENDED RELEASE||ORAL",60 mg; 1.2 g,adult/adolescent >=12: 1-2 ER tablets per dose,q12h,adult/adolescent >=12
GUAIFENESIN,"TABLET, EXTENDED RELEASE",ORAL,1.2GM,GUAIFENESIN,AUROBINDO PHARMA LTD,"Oct 21, 2019","GUAIFENESIN||1.2GM||TABLET, EXTENDED RELEASE||ORAL",1.2 g,adult/adolescent >=12: 600-1200 mg per dose,q12h,adult/adolescent >=12
DEXTROMETHORPHAN HYDROBROMIDE; GUAIFENESIN,"TABLET, EXTENDED RELEASE",ORAL,30MG; 600MG,GUAIFENESIN AND DEXTROMETHORPHAN HYDROBROMIDE,AMNEAL PHARMACEUTICALS OF NEW YORK LLC,"Nov 1, 2018","DEXTROMETHORPHAN HYDROBROMIDE; GUAIFENESIN||30MG; 600MG||TABLET, EXTENDED RELEASE||ORAL",30 mg; 600 mg,adult/adolescent >=12: 1-2 ER tablets per dose,q12h,adult/adolescent >=12
GUAIFENESIN; PSEUDOEPHEDRINE HYDROCHLORIDE,"TABLET, EXTENDED RELEASE",ORAL,600MG; 60MG,MUCINEX D,RB HEALTH US LLC,"Jun 22, 2004","GUAIFENESIN; PSEUDOEPHEDRINE HYDROCHLORIDE||600MG; 60MG||TABLET, EXTENDED RELEASE||ORAL",600 mg; 60 mg,adult/adolescent >=12: 1 ER tablet per dose,q12h,adult/adolescent >=12
BETAMETHASONE DIPROPIONATE,CREAM,TOPICAL,EQ 0.05% BASE,BETAMETHASONE DIPROPIONATE,ACTAVIS MID ATLANTIC,"Feb 3, 1987",BETAMETHASONE DIPROPIONATE||EQ 0.05% BASE||CREAM||TOPICAL,eq 0.05% base,,,
BETAMETHASONE DIPROPIONATE,CREAM,TOPICAL,EQ 0.05% BASE,BETAMETHASONE DIPROPIONATE,COSETTE,"Oct 12, 2018",BETAMETHASONE DIPROPIONATE||EQ 0.05% BASE||CREAM||TOPICAL,eq 0.05% base,,,
BETAMETHASONE DIPROPIONATE,CREAM,TOPICAL,EQ 0.05% BASE,BETAMETHASONE DIPROPIONATE,FOUGERA PHARMS,"Jun 26, 1984",BETAMETHASONE DIPROPIONATE||EQ 0.05% BASE||CREAM||TOPICAL,eq 0.05% base,,,
BETAMETHASONE DIPROPIONATE,CREAM,TOPICAL,EQ 0.05% BASE,BETAMETHASONE DIPROPIONATE,SUN PHARMA CANADA,"Apr 30, 1992",BETAMETHASONE DIPROPIONATE||EQ 0.05% BASE||CREAM||TOPICAL,eq 0.05% base,,,
BETAMETHASONE DIPROPIONATE,CREAM,TOPICAL,EQ 0.05% BASE,BETAMETHASONE DIPROPIONATE,ZYDUS PHARMS,"Jan 11, 2019",BETAMETHASONE DIPROPIONATE||EQ 0.05% BASE||CREAM||TOPICAL,eq 0.05% base,,,
BETAMETHASONE DIPROPIONATE,"CREAM, AUGMENTED",TOPICAL,EQ 0.05% BASE,BETAMETHASONE DIPROPIONATE,FOUGERA PHARMS,"Dec 9, 2003","BETAMETHASONE DIPROPIONATE||EQ 0.05% BASE||CREAM, AUGMENTED||TOPICAL",eq 0.05% base,,,
BETAMETHASONE DIPROPIONATE,"CREAM, AUGMENTED",TOPICAL,EQ 0.05% BASE,BETAMETHASONE DIPROPIONATE,PADAGIS ISRAEL,"Dec 9, 2003","BETAMETHASONE DIPROPIONATE||EQ 0.05% BASE||CREAM, AUGMENTED||TOPICAL",eq 0.05% base,,,
BETAMETHASONE DIPROPIONATE,"CREAM, AUGMENTED",TOPICAL,EQ 0.05% BASE,BETAMETHASONE DIPROPIONATE,SUN PHARMA CANADA,"Dec 9, 2003","BETAMETHASONE DIPROPIONATE||EQ 0.05% BASE||CREAM, AUGMENTED||TOPICAL",eq 0.05% base,,,
BETAMETHASONE DIPROPIONATE,"GEL, AUGMENTED",TOPICAL,EQ 0.05% BASE,BETAMETHASONE DIPROPIONATE,FOUGERA PHARMS,"May 13, 2003","BETAMETHASONE DIPROPIONATE||EQ 0.05% BASE||GEL, AUGMENTED||TOPICAL",eq 0.05% base,,,
BETAMETHASONE DIPROPIONATE,"GEL, AUGMENTED",TOPICAL,EQ 0.05% BASE,BETAMETHASONE DIPROPIONATE,SUN PHARMA CANADA,"Dec 2, 2003","BETAMETHASONE DIPROPIONATE||EQ 0.05% BASE||GEL, AUGMENTED||TOPICAL",eq 0.05% base,,,
BETAMETHASONE DIPROPIONATE,LOTION,TOPICAL,EQ 0.05% BASE,BETAMETHASONE DIPROPIONATE,COSETTE,"Aug 10, 1987",BETAMETHASONE DIPROPIONATE||EQ 0.05% BASE||LOTION||TOPICAL,eq 0.05% base,,,
BETAMETHASONE DIPROPIONATE,LOTION,TOPICAL,EQ 0.05% BASE,BETAMETHASONE DIPROPIONATE,FOUGERA PHARMS INC,"Aug 12, 1985",BETAMETHASONE DIPROPIONATE||EQ 0.05% BASE||LOTION||TOPICAL,eq 0.05% base,,,
BETAMETHASONE DIPROPIONATE,LOTION,TOPICAL,EQ 0.05% BASE,BETAMETHASONE DIPROPIONATE,PADAGIS US,"Jan 31, 1990",BETAMETHASONE DIPROPIONATE||EQ 0.05% BASE||LOTION||TOPICAL,eq 0.05% base,,,
BETAMETHASONE DIPROPIONATE,"LOTION, AUGMENTED",TOPICAL,EQ 0.05% BASE,BETAMETHASONE DIPROPIONATE,ENCUBE,"Feb 13, 2018","BETAMETHASONE DIPROPIONATE||EQ 0.05% BASE||LOTION, AUGMENTED||TOPICAL",eq 0.05% base,,,
BETAMETHASONE DIPROPIONATE,"LOTION, AUGMENTED",TOPICAL,EQ 0.05% BASE,BETAMETHASONE DIPROPIONATE,FOUGERA PHARMS,"May 21, 2007","BETAMETHASONE DIPROPIONATE||EQ 0.05% BASE||LOTION, AUGMENTED||TOPICAL",eq 0.05% base,,,
BETAMETHASONE DIPROPIONATE,"LOTION, AUGMENTED",TOPICAL,EQ 0.05% BASE,BETAMETHASONE DIPROPIONATE,SUN PHARMA CANADA,"May 21, 2007","BETAMETHASONE DIPROPIONATE||EQ 0.05% BASE||LOTION, AUGMENTED||TOPICAL",eq 0.05% base,,,
BETAMETHASONE DIPROPIONATE,OINTMENT,TOPICAL,EQ 0.05% BASE,BETAMETHASONE DIPROPIONATE,ACTAVIS MID ATLANTIC,"Feb 3, 1987",BETAMETHASONE DIPROPIONATE||EQ 0.05% BASE||OINTMENT||TOPICAL,eq 0.05% base,,,
BETAMETHASONE DIPROPIONATE,OINTMENT,TOPICAL,EQ 0.05% BASE,BETAMETHASONE DIPROPIONATE,FOUGERA PHARMS INC,"Sep 4, 1984",BETAMETHASONE DIPROPIONATE||EQ 0.05% BASE||OINTMENT||TOPICAL,eq 0.05% base,,,
BETAMETHASONE DIPROPIONATE,OINTMENT,TOPICAL,EQ 0.05% BASE,BETAMETHASONE DIPROPIONATE,PADAGIS ISRAEL,"Apr 12, 2022",BETAMETHASONE DIPROPIONATE||EQ 0.05% BASE||OINTMENT||TOPICAL,eq 0.05% base,,,
BETAMETHASONE DIPROPIONATE,OINTMENT,TOPICAL,EQ 0.05% BASE,BETAMETHASONE DIPROPIONATE,TP ANDA HOLDINGS,"Feb 18, 2022",BETAMETHASONE DIPROPIONATE||EQ 0.05% BASE||OINTMENT||TOPICAL,eq 0.05% base,,,
BUDESONIDE,"AEROSOL, FOAM",RECTAL,2MG/ACTUATION,BUDESONIDE,PADAGIS ISRAEL,"Apr 12, 2023","BUDESONIDE||2MG/ACTUATION||AEROSOL, FOAM||RECTAL",2 mg/actuation,,,
BUDESONIDE,"AEROSOL, FOAM",RECTAL,2MG/ACTUATION,UCERIS,SALIX,"Oct 7, 2014","BUDESONIDE||2MG/ACTUATION||AEROSOL, FOAM||RECTAL",2 mg/actuation,,,
BUDESONIDE,"CAPSULE, DELAYED RELEASE",ORAL,3MG,BUDESONIDE,AMNEAL PHARMS,"Jul 31, 2017","BUDESONIDE||3MG||CAPSULE, DELAYED RELEASE||ORAL",3 mg,,,
BUDESONIDE,"CAPSULE, DELAYED RELEASE",ORAL,3MG,BUDESONIDE,AUROBINDO PHARMA USA,"May 16, 2011","BUDESONIDE||3MG||CAPSULE, DELAYED RELEASE||ORAL",3 mg,,,
BUDESONIDE,"CAPSULE, DELAYED RELEASE",ORAL,3MG,BUDESONIDE,DR REDDYS LABS SA,"Apr 8, 2016","BUDESONIDE||3MG||CAPSULE, DELAYED RELEASE||ORAL",3 mg,,,
BUDESONIDE,"CAPSULE, DELAYED RELEASE",ORAL,3MG,BUDESONIDE,RISING,"Apr 7, 2017","BUDESONIDE||3MG||CAPSULE, DELAYED RELEASE||ORAL",3 mg,,,
BUDESONIDE,"CAPSULE, DELAYED RELEASE",ORAL,3MG,BUDESONIDE,ZYDUS PHARMS,"May 4, 2017","BUDESONIDE||3MG||CAPSULE, DELAYED RELEASE||ORAL",3 mg,,,
BUDESONIDE,"CAPSULE, DELAYED RELEASE",ORAL,3MG,ENTOCORT EC,PADAGIS US,"Oct 2, 2001","BUDESONIDE||3MG||CAPSULE, DELAYED RELEASE||ORAL",3 mg,,,
BUDESONIDE,"CAPSULE, DELAYED RELEASE",ORAL,4MG,TARPEYO,CALLIDITAS,"Dec 15, 2021","BUDESONIDE||4MG||CAPSULE, DELAYED RELEASE||ORAL",4 mg,,,
BUDESONIDE,"POWDER, METERED",INHALATION,0.08MG/INH,PULMICORT FLEXHALER,CHEPLAPHARM,"Jul 12, 2006","BUDESONIDE||0.08MG/INH||POWDER, METERED||INHALATION",0.08 mg/inh,,,
BUDESONIDE,"POWDER, METERED",INHALATION,0.16MG/INH,PULMICORT FLEXHALER,CHEPLAPHARM,"Jul 12, 2006","BUDESONIDE||0.16MG/INH||POWDER, METERED||INHALATION",0.16 mg/inh,,,
BUDESONIDE,SUSPENSION,INHALATION,0.25MG/2ML,BUDESONIDE,CIPLA,"Nov 16, 2017",BUDESONIDE||0.25MG/2ML||SUSPENSION||INHALATION,0.25 mg/2 ml,,,
BUDESONIDE,SUSPENSION,INHALATION,0.5MG/2ML,BUDESONIDE,CIPLA,"Nov 16, 2017",BUDESONIDE||0.5MG/2ML||SUSPENSION||INHALATION,0.5 mg/2 ml,,,
BUDESONIDE,SUSPENSION,INHALATION,1MG/2ML,BUDESONIDE,CIPLA,"Nov 16, 2017",BUDESONIDE||1MG/2ML||SUSPENSION||INHALATION,1 mg/2 ml,,,
BUDESONIDE,SUSPENSION,INHALATION,0.5MG/2ML,BUDESONIDE,EUGIA PHARMA,"Nov 29, 2023",BUDESONIDE||0.5MG/2ML||SUSPENSION||INHALATION,0.5 mg/2 ml,,,
BUDESONIDE,SUSPENSION,INHALATION,0.25MG/2ML,BUDESONIDE,IMPAX LABS INC,"Jul 31, 2012",BUDESONIDE||0.25MG/2ML||SUSPENSION||INHALATION,0.25 mg/2 ml,,,
BUDESONIDE,SUSPENSION,INHALATION,0.5MG/2ML,BUDESONIDE,IMPAX LABS INC,"Jul 31, 2012",BUDESONIDE||0.5MG/2ML||SUSPENSION||INHALATION,0.5 mg/2 ml,,,
BUDESONIDE,SUSPENSION,INHALATION,0.5MG/2ML,BUDESONIDE,LUPIN,"Nov 9, 2018",BUDESONIDE||0.5MG/2ML||SUSPENSION||INHALATION,0.5 mg/2 ml,,,
BUDESONIDE,SUSPENSION,INHALATION,0.25MG/2ML,BUDESONIDE,NEPHRON,"Mar 30, 2009",BUDESONIDE||0.25MG/2ML||SUSPENSION||INHALATION,0.25 mg/2 ml,,,
BUDESONIDE,SUSPENSION,INHALATION,0.5MG/2ML,BUDESONIDE,NEPHRON,"Mar 30, 2009",BUDESONIDE||0.5MG/2ML||SUSPENSION||INHALATION,0.5 mg/2 ml,,,
CLOBETASOL PROPIONATE,"AEROSOL, FOAM",TOPICAL,0.05%,CLOBETASOL PROPIONATE,ALEMBIC,"Apr 21, 2022","CLOBETASOL PROPIONATE||0.05%||AEROSOL, FOAM||TOPICAL",0.05%,,,
CLOBETASOL PROPIONATE,"AEROSOL, FOAM",TOPICAL,0.05%,CLOBETASOL PROPIONATE,GLENMARK PHARMS LTD,"Feb 15, 2019","CLOBETASOL PROPIONATE||0.05%||AEROSOL, FOAM||TOPICAL",0.05%,,,
CLOBETASOL PROPIONATE,"AEROSOL, FOAM",TOPICAL,0.05%,CLOBETASOL PROPIONATE,PADAGIS ISRAEL,"Mar 10, 2008","CLOBETASOL PROPIONATE||0.05%||AEROSOL, FOAM||TOPICAL",0.05%,,,
CLOBETASOL PROPIONATE,"AEROSOL, FOAM",TOPICAL,0.05%,CLOBETASOL PROPIONATE,TARO,"Oct 4, 2018","CLOBETASOL PROPIONATE||0.05%||AEROSOL, FOAM||TOPICAL",0.05%,,,
CLOBETASOL PROPIONATE,"AEROSOL, FOAM",TOPICAL,0.05%,CLOBETASOL PROPIONATE,XIROMED,"Nov 20, 2025","CLOBETASOL PROPIONATE||0.05%||AEROSOL, FOAM||TOPICAL",0.05%,,,
CLOBETASOL PROPIONATE,"AEROSOL, FOAM",TOPICAL,0.05%,CLOBETASOL PROPIONATE,GLENMARK PHARMS LTD,"Sep 9, 2019","CLOBETASOL PROPIONATE||0.05%||AEROSOL, FOAM||TOPICAL",0.05%,,,
CLOBETASOL PROPIONATE,"AEROSOL, FOAM",TOPICAL,0.05%,CLOBETASOL PROPIONATE,PADAGIS ISRAEL,"Aug 14, 2012","CLOBETASOL PROPIONATE||0.05%||AEROSOL, FOAM||TOPICAL",0.05%,,,
CLOBETASOL PROPIONATE,CREAM,TOPICAL,0.05%,CLOBETASOL PROPIONATE,ALEMBIC,"Jan 27, 2020",CLOBETASOL PROPIONATE||0.05%||CREAM||TOPICAL,0.05%,,,
CLOBETASOL PROPIONATE,CREAM,TOPICAL,0.05%,CLOBETASOL PROPIONATE,AMNEAL,"Dec 26, 2018",CLOBETASOL PROPIONATE||0.05%||CREAM||TOPICAL,0.05%,,,
CLOBETASOL PROPIONATE,CREAM,TOPICAL,0.05%,CLOBETASOL PROPIONATE,AUROBINDO PHARMA USA,"Feb 9, 2001",CLOBETASOL PROPIONATE||0.05%||CREAM||TOPICAL,0.05%,,,
CLOBETASOL PROPIONATE,CREAM,TOPICAL,0.05%,CLOBETASOL PROPIONATE,ENCUBE,"Aug 28, 2020",CLOBETASOL PROPIONATE||0.05%||CREAM||TOPICAL,0.05%,,,
CLOBETASOL PROPIONATE,CREAM,TOPICAL,0.05%,CLOBETASOL PROPIONATE,FOUGERA PHARMS INC,"Sep 30, 1996",CLOBETASOL PROPIONATE||0.05%||CREAM||TOPICAL,0.05%,,,
CLOBETASOL PROPIONATE,CREAM,TOPICAL,0.05%,CLOBETASOL PROPIONATE,LUPIN LTD,"Jan 30, 2018",CLOBETASOL PROPIONATE||0.05%||CREAM||TOPICAL,0.05%,,,
CLOBETASOL PROPIONATE,CREAM,TOPICAL,0.05%,CLOBETASOL PROPIONATE,RISING,"Jan 11, 2019",CLOBETASOL PROPIONATE||0.05%||CREAM||TOPICAL,0.05%,,,
CLOBETASOL PROPIONATE,CREAM,TOPICAL,0.05%,CLOBETASOL PROPIONATE,SUN PHARMA CANADA,"Jul 8, 1996",CLOBETASOL PROPIONATE||0.05%||CREAM||TOPICAL,0.05%,,,
CLOBETASOL PROPIONATE,CREAM,TOPICAL,0.05%,CLOBETASOL PROPIONATE,TORRENT,"Dec 30, 2019",CLOBETASOL PROPIONATE||0.05%||CREAM||TOPICAL,0.05%,,,
CLOBETASOL PROPIONATE,CREAM,TOPICAL,0.05%,CLOBETASOL PROPIONATE,XIROMED,"Jun 15, 2018",CLOBETASOL PROPIONATE||0.05%||CREAM||TOPICAL,0.05%,,,
CLOBETASOL PROPIONATE,CREAM,TOPICAL,0.05%,CLOBETASOL PROPIONATE,ZYDUS PHARMS,"Oct 15, 2018",CLOBETASOL PROPIONATE||0.05%||CREAM||TOPICAL,0.05%,,,
CLOBETASOL PROPIONATE,CREAM,TOPICAL,0.05%,CLOBETASOL PROPIONATE (EMOLLIENT),BEACH PRODS,"Aug 21, 2017",CLOBETASOL PROPIONATE||0.05%||CREAM||TOPICAL,0.05%,,,
CLOBETASOL PROPIONATE,CREAM,TOPICAL,0.05%,CLOBETASOL PROPIONATE (EMOLLIENT),FOUGERA PHARMS,"May 26, 1999",CLOBETASOL PROPIONATE||0.05%||CREAM||TOPICAL,0.05%,,,
DEXAMETHASONE,CONCENTRATE,ORAL,1MG/ML,DEXAMETHASONE INTENSOL,HIKMA,"Sep 1, 1983",DEXAMETHASONE||1MG/ML||CONCENTRATE||ORAL,1 mg/ml,,,
DEXAMETHASONE,ELIXIR,ORAL,0.5MG/5ML,DEXAMETHASONE,CHARTWELL MOLECULAR,"May 11, 2011",DEXAMETHASONE||0.5MG/5ML||ELIXIR||ORAL,0.5 mg/5 ml,,,
DEXAMETHASONE,ELIXIR,ORAL,0.5MG/5ML,DEXAMETHASONE,RISING,"Jul 12, 2011",DEXAMETHASONE||0.5MG/5ML||ELIXIR||ORAL,0.5 mg/5 ml,,,
DEXAMETHASONE,INSERT,OPHTHALMIC,0.4MG,DEXTENZA,OCULAR THERAPEUTIX,"Nov 30, 2018",DEXAMETHASONE||0.4MG||INSERT||OPHTHALMIC,0.4 mg,,,
DEXAMETHASONE,SOLUTION,ORAL,0.5MG/5ML,DEXAMETHASONE,HIKMA,"Sep 1, 1983",DEXAMETHASONE||0.5MG/5ML||SOLUTION||ORAL,0.5 mg/5 ml,,,
DEXAMETHASONE,TABLET,ORAL,4MG,DEXAMETHASONE,ALVOGEN,"Apr 28, 1983",DEXAMETHASONE||4MG||TABLET||ORAL,4 mg,,,
DEXAMETHASONE,TABLET,ORAL,6MG,DEXAMETHASONE,ALVOGEN,"Nov 28, 1983",DEXAMETHASONE||6MG||TABLET||ORAL,6 mg,,,
DEXAMETHASONE,TABLET,ORAL,2MG,DEXAMETHASONE,AMNEAL,"Sep 8, 2022",DEXAMETHASONE||2MG||TABLET||ORAL,2 mg,,,
DEXAMETHASONE,TABLET,ORAL,4MG,DEXAMETHASONE,AMNEAL,"Oct 14, 2021",DEXAMETHASONE||4MG||TABLET||ORAL,4 mg,,,
DEXAMETHASONE,TABLET,ORAL,6MG,DEXAMETHASONE,AMNEAL,"Oct 14, 2021",DEXAMETHASONE||6MG||TABLET||ORAL,6 mg,,,
DEXAMETHASONE,TABLET,ORAL,0.5MG,DEXAMETHASONE,APOTEX,"Aug 23, 2023",DEXAMETHASONE||0.5MG||TABLET||ORAL,0.5 mg,,,
DEXAMETHASONE,TABLET,ORAL,0.75MG,DEXAMETHASONE,APOTEX,"Aug 23, 2023",DEXAMETHASONE||0.75MG||TABLET||ORAL,0.75 mg,,,
DEXAMETHASONE,TABLET,ORAL,1MG,DEXAMETHASONE,APOTEX,"Aug 23, 2023",DEXAMETHASONE||1MG||TABLET||ORAL,1 mg,,,
DEXAMETHASONE,TABLET,ORAL,1.5MG,DEXAMETHASONE,APOTEX,"Aug 23, 2023",DEXAMETHASONE||1.5MG||TABLET||ORAL,1.5 mg,,,
DEXAMETHASONE,TABLET,ORAL,2MG,DEXAMETHASONE,APOTEX,"Aug 23, 2023",DEXAMETHASONE||2MG||TABLET||ORAL,2 mg,,,
DEXAMETHASONE,TABLET,ORAL,4MG,DEXAMETHASONE,APOTEX,"Aug 23, 2023",DEXAMETHASONE||4MG||TABLET||ORAL,4 mg,,,
DEXAMETHASONE,TABLET,ORAL,6MG,DEXAMETHASONE,APOTEX,"Aug 23, 2023",DEXAMETHASONE||6MG||TABLET||ORAL,6 mg,,,
DEXAMETHASONE,TABLET,ORAL,2MG,DEXAMETHASONE,BIONPHARMA,"Apr 26, 2023",DEXAMETHASONE||2MG||TABLET||ORAL,2 mg,,,
DEXAMETHASONE,TABLET,ORAL,4MG,DEXAMETHASONE,BIONPHARMA,"Apr 19, 2023",DEXAMETHASONE||4MG||TABLET||ORAL,4 mg,,,
DEXAMETHASONE,TABLET,ORAL,0.5MG,DEXAMETHASONE,COREPHARMA,"Sep 17, 2024",DEXAMETHASONE||0.5MG||TABLET||ORAL,0.5 mg,,,
DEXAMETHASONE SODIUM PHOSPHATE,INJECTABLE,INJECTION,EQ 4MG PHOSPHATE/ML,DEXAMETHASONE SODIUM PHOSPHATE,AMNEAL,"Aug 22, 2018",DEXAMETHASONE SODIUM PHOSPHATE||EQ 4MG PHOSPHATE/ML||INJECTABLE||INJECTION,eq 4 mg phosphate/ml,,,
DEXAMETHASONE SODIUM PHOSPHATE,INJECTABLE,INJECTION,EQ 10MG PHOSPHATE/ML,DEXAMETHASONE SODIUM PHOSPHATE,EUGIA PHARMA,"Jun 5, 2020",DEXAMETHASONE SODIUM PHOSPHATE||EQ 10MG PHOSPHATE/ML||INJECTABLE||INJECTION,eq 10 mg phosphate/ml,,,
DEXAMETHASONE SODIUM PHOSPHATE,INJECTABLE,INJECTION,EQ 4MG PHOSPHATE/ML,DEXAMETHASONE SODIUM PHOSPHATE,FRESENIUS KABI USA,"Sep 6, 1977",DEXAMETHASONE SODIUM PHOSPHATE||EQ 4MG PHOSPHATE/ML||INJECTABLE||INJECTION,eq 4 mg phosphate/ml,,,
DEXAMETHASONE SODIUM PHOSPHATE,INJECTABLE,INJECTION,EQ 4MG PHOSPHATE/ML,DEXAMETHASONE SODIUM PHOSPHATE,FRESENIUS KABI USA,"Sep 30, 2015",DEXAMETHASONE SODIUM PHOSPHATE||EQ 4MG PHOSPHATE/ML||INJECTABLE||INJECTION,eq 4 mg phosphate/ml,,,
DEXAMETHASONE SODIUM PHOSPHATE,INJECTABLE,INJECTION,EQ 10MG PHOSPHATE/ML,DEXAMETHASONE SODIUM PHOSPHATE,FRESENIUS KABI USA,"Apr 22, 2005",DEXAMETHASONE SODIUM PHOSPHATE||EQ 10MG PHOSPHATE/ML||INJECTABLE||INJECTION,eq 10 mg phosphate/ml,,,
DEXAMETHASONE SODIUM PHOSPHATE,INJECTABLE,INJECTION,EQ 10MG PHOSPHATE/ML,DEXAMETHASONE SODIUM PHOSPHATE,FRESENIUS KABI USA,"Jul 6, 2018",DEXAMETHASONE SODIUM PHOSPHATE||EQ 10MG PHOSPHATE/ML||INJECTABLE||INJECTION,eq 10 mg phosphate/ml,,,
DEXAMETHASONE SODIUM PHOSPHATE,INJECTABLE,INJECTION,EQ 4MG PHOSPHATE/ML,DEXAMETHASONE SODIUM PHOSPHATE,GLAND,"Aug 4, 2021",DEXAMETHASONE SODIUM PHOSPHATE||EQ 4MG PHOSPHATE/ML||INJECTABLE||INJECTION,eq 4 mg phosphate/ml,,,
DEXAMETHASONE SODIUM PHOSPHATE,INJECTABLE,INJECTION,EQ 10MG PHOSPHATE/ML,DEXAMETHASONE SODIUM PHOSPHATE,GLAND,"Sep 25, 2023",DEXAMETHASONE SODIUM PHOSPHATE||EQ 10MG PHOSPHATE/ML||INJECTABLE||INJECTION,eq 10 mg phosphate/ml,,,
DEXAMETHASONE SODIUM PHOSPHATE,INJECTABLE,INJECTION,EQ 4MG PHOSPHATE/ML,DEXAMETHASONE SODIUM PHOSPHATE,HIKMA,"Jul 15, 1975",DEXAMETHASONE SODIUM PHOSPHATE||EQ 4MG PHOSPHATE/ML||INJECTABLE||INJECTION,eq 4 mg phosphate/ml,,,
DEXAMETHASONE SODIUM PHOSPHATE,INJECTABLE,INJECTION,EQ 10MG PHOSPHATE/ML,DEXAMETHASONE SODIUM PHOSPHATE,HIKMA,"Sep 7, 1982",DEXAMETHASONE SODIUM PHOSPHATE||EQ 10MG PHOSPHATE/ML||INJECTABLE||INJECTION,eq 10 mg phosphate/ml,,,
DEXAMETHASONE SODIUM PHOSPHATE,INJECTABLE,INJECTION,EQ 10MG PHOSPHATE/ML,DEXAMETHASONE SODIUM PHOSPHATE,MICRO LABS,"Mar 27, 2024",DEXAMETHASONE SODIUM PHOSPHATE||EQ 10MG PHOSPHATE/ML||INJECTABLE||INJECTION,eq 10 mg phosphate/ml,,,
DEXAMETHASONE SODIUM PHOSPHATE,INJECTABLE,INJECTION,EQ 4MG PHOSPHATE/ML,DEXAMETHASONE SODIUM PHOSPHATE,MYLAN LABS LTD,"Aug 29, 2008",DEXAMETHASONE SODIUM PHOSPHATE||EQ 4MG PHOSPHATE/ML||INJECTABLE||INJECTION,eq 4 mg phosphate/ml,,,
DEXAMETHASONE SODIUM PHOSPHATE,INJECTABLE,INJECTION,EQ 10MG PHOSPHATE/ML,DEXAMETHASONE SODIUM PHOSPHATE,MYLAN LABS LTD,"Aug 29, 2008",DEXAMETHASONE SODIUM PHOSPHATE||EQ 10MG PHOSPHATE/ML||INJECTABLE||INJECTION,eq 10 mg phosphate/ml,,,
DEXAMETHASONE SODIUM PHOSPHATE,INJECTABLE,INJECTION,EQ 4MG PHOSPHATE/ML,DEXAMETHASONE SODIUM PHOSPHATE,SOMERSET,"Jun 8, 2018",DEXAMETHASONE SODIUM PHOSPHATE||EQ 4MG PHOSPHATE/ML||INJECTABLE||INJECTION,eq 4 mg phosphate/ml,,,
DEXAMETHASONE SODIUM PHOSPHATE,INJECTABLE,INJECTION,EQ 10MG PHOSPHATE/ML,DEXAMETHASONE SODIUM PHOSPHATE,SOMERSET THERAPS LLC,"May 10, 2019",DEXAMETHASONE SODIUM PHOSPHATE||EQ 10MG PHOSPHATE/ML||INJECTABLE||INJECTION,eq 10 mg phosphate/ml,,,
DEXAMETHASONE SODIUM PHOSPHATE,INJECTABLE,INJECTION,EQ 10MG PHOSPHATE/ML,DEXAMETHASONE SODIUM PHOSPHATE PRESERVATIVE FREE,AMNEAL,"Aug 22, 2018",DEXAMETHASONE SODIUM PHOSPHATE||EQ 10MG PHOSPHATE/ML||INJECTABLE||INJECTION,eq 10 mg phosphate/ml,,,
DEXAMETHASONE SODIUM PHOSPHATE,INJECTABLE,INJECTION,EQ 10MG PHOSPHATE/ML,DEXAMETHASONE SODIUM PHOSPHATE PRESERVATIVE FREE,FRESENIUS KABI USA,"Apr 11, 2003",DEXAMETHASONE SODIUM PHOSPHATE||EQ 10MG PHOSPHATE/ML||INJECTABLE||INJECTION,eq 10 mg phosphate/ml,,,
DEXAMETHASONE SODIUM PHOSPHATE,INJECTABLE,INJECTION,EQ 10MG PHOSPHATE/ML,DEXAMETHASONE SODIUM PHOSPHATE PRESERVATIVE FREE,SOMERSET THERAPS LLC,"Apr 19, 2018",DEXAMETHASONE SODIUM PHOSPHATE||EQ 10MG PHOSPHATE/ML||INJECTABLE||INJECTION,eq 10 mg phosphate/ml,,,
DEXAMETHASONE SODIUM PHOSPHATE,SOLUTION/DROPS,"OPHTHALMIC, OTIC",EQ 0.1% PHOSPHATE,DEXAMETHASONE SODIUM PHOSPHATE,BAUSCH AND LOMB,"Jul 26, 1996","DEXAMETHASONE SODIUM PHOSPHATE||EQ 0.1% PHOSPHATE||SOLUTION/DROPS||OPHTHALMIC, OTIC",eq 0.1% phosphate,,,
DEXAMETHASONE SODIUM PHOSPHATE,SOLUTION/DROPS,"OPHTHALMIC, OTIC",EQ 0.1% PHOSPHATE,DEXAMETHASONE SODIUM PHOSPHATE,SANDOZ INC,"Jan 16, 1985","DEXAMETHASONE SODIUM PHOSPHATE||EQ 0.1% PHOSPHATE||SOLUTION/DROPS||OPHTHALMIC, OTIC",eq 0.1% phosphate,,,
HYDROCORTISONE,CREAM,TOPICAL,2.5%,ALA-CORT,CROWN LABS,"Jan 5, 2016",HYDROCORTISONE||2.5%||CREAM||TOPICAL,2.5%,,,
HYDROCORTISONE,CREAM,TOPICAL,2.5%,ANUSOL HC,SALIX PHARMS,"Jun 6, 1984",HYDROCORTISONE||2.5%||CREAM||TOPICAL,2.5%,,,
HYDROCORTISONE,CREAM,TOPICAL,1%,HYDROCORTISONE,ACTAVIS MID ATLANTIC,"May 3, 1983",HYDROCORTISONE||1%||CREAM||TOPICAL,1%,,,
HYDROCORTISONE,CREAM,TOPICAL,2.5%,HYDROCORTISONE,ACTAVIS MID ATLANTIC,"Mar 10, 1988",HYDROCORTISONE||2.5%||CREAM||TOPICAL,2.5%,,,
HYDROCORTISONE,CREAM,TOPICAL,2.5%,HYDROCORTISONE,FOUGERA PHARMS INC,"Dec 16, 1986",HYDROCORTISONE||2.5%||CREAM||TOPICAL,2.5%,,,
HYDROCORTISONE,CREAM,TOPICAL,2.5%,HYDROCORTISONE,RISING,"Aug 20, 2010",HYDROCORTISONE||2.5%||CREAM||TOPICAL,2.5%,,,
HYDROCORTISONE,CREAM,TOPICAL,2.5%,HYDROCORTISONE,TARO,"Nov 9, 1984",HYDROCORTISONE||2.5%||CREAM||TOPICAL,2.5%,,,
HYDROCORTISONE,ENEMA,RECTAL,100MG/60ML,COLOCORT,CHARTWELL,"Dec 3, 1999",HYDROCORTISONE||100MG/60ML||ENEMA||RECTAL,100 mg/60 ml,,,
HYDROCORTISONE,GRANULE,ORAL,0.5MG,ALKINDI SPRINKLE,ETON,"Sep 29, 2020",HYDROCORTISONE||0.5MG||GRANULE||ORAL,0.5 mg,,,
HYDROCORTISONE,GRANULE,ORAL,1MG,ALKINDI SPRINKLE,ETON,"Sep 29, 2020",HYDROCORTISONE||1MG||GRANULE||ORAL,1 mg,,,
HYDROCORTISONE,GRANULE,ORAL,2MG,ALKINDI SPRINKLE,ETON,"Sep 29, 2020",HYDROCORTISONE||2MG||GRANULE||ORAL,2 mg,,,
HYDROCORTISONE,GRANULE,ORAL,5MG,ALKINDI SPRINKLE,ETON,"Sep 29, 2020",HYDROCORTISONE||5MG||GRANULE||ORAL,5 mg,,,
HYDROCORTISONE,LOTION,TOPICAL,2.5%,STIE-CORT,PADAGIS US,"Nov 26, 1985",HYDROCORTISONE||2.5%||LOTION||TOPICAL,2.5%,,,
HYDROCORTISONE,OINTMENT,TOPICAL,2.5%,HYDROCORTISONE,FOUGERA PHARMS INC,"May 28, 1993",HYDROCORTISONE||2.5%||OINTMENT||TOPICAL,2.5%,,,
HYDROCORTISONE,OINTMENT,TOPICAL,1%,HYDROCORTISONE IN ABSORBASE,CMP PHARMA INC,"Sep 6, 1985",HYDROCORTISONE||1%||OINTMENT||TOPICAL,1%,,,
HYDROCORTISONE,SOLUTION,ORAL,1MG/ML,KHINDIVI,ETON,"May 28, 2025",HYDROCORTISONE||1MG/ML||SOLUTION||ORAL,1 mg/ml,,,
HYDROCORTISONE,TABLET,ORAL,5MG,HYDROCORTISONE,AUROBINDO PHARMA LTD,"Jul 17, 2023",HYDROCORTISONE||5MG||TABLET||ORAL,5 mg,,,
HYDROCORTISONE,TABLET,ORAL,10MG,HYDROCORTISONE,AUROBINDO PHARMA LTD,"Jul 17, 2023",HYDROCORTISONE||10MG||TABLET||ORAL,10 mg,,,
HYDROCORTISONE,TABLET,ORAL,20MG,HYDROCORTISONE,AUROBINDO PHARMA LTD,"Jul 17, 2023",HYDROCORTISONE||20MG||TABLET||ORAL,20 mg,,,
HYDROCORTISONE,TABLET,ORAL,5MG,HYDROCORTISONE,HIBROW HLTHCARE,"Nov 25, 2024",HYDROCORTISONE||5MG||TABLET||ORAL,5 mg,,,
METHYLPREDNISOLONE ACETATE,INJECTABLE,INJECTION,20MG/ML,DEPO-MEDROL,PFIZER,"May 17, 1960",METHYLPREDNISOLONE ACETATE||20MG/ML||INJECTABLE||INJECTION,20 mg/ml,,,
METHYLPREDNISOLONE ACETATE,INJECTABLE,INJECTION,40MG/ML,DEPO-MEDROL,PFIZER,"Apr 27, 1959",METHYLPREDNISOLONE ACETATE||40MG/ML||INJECTABLE||INJECTION,40 mg/ml,,,
METHYLPREDNISOLONE ACETATE,INJECTABLE,INJECTION,80MG/ML,DEPO-MEDROL,PFIZER,"Sep 9, 1975",METHYLPREDNISOLONE ACETATE||80MG/ML||INJECTABLE||INJECTION,80 mg/ml,,,
METHYLPREDNISOLONE ACETATE,INJECTABLE,INJECTION,40MG/ML,METHYLPREDNISOLONE ACETATE,AMNEAL,"May 20, 2019",METHYLPREDNISOLONE ACETATE||40MG/ML||INJECTABLE||INJECTION,40 mg/ml,,,
METHYLPREDNISOLONE ACETATE,INJECTABLE,INJECTION,40MG/ML,METHYLPREDNISOLONE ACETATE,AMNEAL,"Nov 3, 2023",METHYLPREDNISOLONE ACETATE||40MG/ML||INJECTABLE||INJECTION,40 mg/ml,,,
METHYLPREDNISOLONE ACETATE,INJECTABLE,INJECTION,80MG/ML,METHYLPREDNISOLONE ACETATE,AMNEAL,"May 20, 2019",METHYLPREDNISOLONE ACETATE||80MG/ML||INJECTABLE||INJECTION,80 mg/ml,,,
METHYLPREDNISOLONE ACETATE,INJECTABLE,INJECTION,80MG/ML,METHYLPREDNISOLONE ACETATE,AMNEAL,"Nov 3, 2023",METHYLPREDNISOLONE ACETATE||80MG/ML||INJECTABLE||INJECTION,80 mg/ml,,,
METHYLPREDNISOLONE ACETATE,INJECTABLE,INJECTION,40MG/ML,METHYLPREDNISOLONE ACETATE,EUGIA PHARMA,"Apr 13, 2023",METHYLPREDNISOLONE ACETATE||40MG/ML||INJECTABLE||INJECTION,40 mg/ml,,,
METHYLPREDNISOLONE ACETATE,INJECTABLE,INJECTION,80MG/ML,METHYLPREDNISOLONE ACETATE,EUGIA PHARMA,"Apr 13, 2023",METHYLPREDNISOLONE ACETATE||80MG/ML||INJECTABLE||INJECTION,80 mg/ml,,,
METHYLPREDNISOLONE ACETATE,INJECTABLE,INJECTION,80MG/ML,METHYLPREDNISOLONE ACETATE,HIKMA,"Apr 16, 2025",METHYLPREDNISOLONE ACETATE||80MG/ML||INJECTABLE||INJECTION,80 mg/ml,,,
METHYLPREDNISOLONE ACETATE,INJECTABLE,INJECTION,40MG/ML,METHYLPREDNISOLONE ACETATE,HONG KONG,"Feb 23, 2005",METHYLPREDNISOLONE ACETATE||40MG/ML||INJECTABLE||INJECTION,40 mg/ml,,,
METHYLPREDNISOLONE ACETATE,INJECTABLE,INJECTION,80MG/ML,METHYLPREDNISOLONE ACETATE,HONG KONG,"Feb 23, 2005",METHYLPREDNISOLONE ACETATE||80MG/ML||INJECTABLE||INJECTION,80 mg/ml,,,
METHYLPREDNISOLONE ACETATE,INJECTABLE,INJECTION,40MG/ML,METHYLPREDNISOLONE ACETATE,PH HEALTH,"Jan 21, 2022",METHYLPREDNISOLONE ACETATE||40MG/ML||INJECTABLE||INJECTION,40 mg/ml,,,
METHYLPREDNISOLONE ACETATE,INJECTABLE,INJECTION,80MG/ML,METHYLPREDNISOLONE ACETATE,PH HEALTH,"Jan 21, 2022",METHYLPREDNISOLONE ACETATE||80MG/ML||INJECTABLE||INJECTION,80 mg/ml,,,
METHYLPREDNISOLONE ACETATE,INJECTABLE,INJECTION,40MG/ML,METHYLPREDNISOLONE ACETATE,SAGENT PHARMS INC,"Jun 27, 2018",METHYLPREDNISOLONE ACETATE||40MG/ML||INJECTABLE||INJECTION,40 mg/ml,,,
METHYLPREDNISOLONE ACETATE,INJECTABLE,INJECTION,80MG/ML,METHYLPREDNISOLONE ACETATE,SAGENT PHARMS INC,"Jun 27, 2018",METHYLPREDNISOLONE ACETATE||80MG/ML||INJECTABLE||INJECTION,80 mg/ml,,,
METHYLPREDNISOLONE ACETATE,INJECTABLE,INJECTION,40MG/ML,METHYLPREDNISOLONE ACETATE,SANDOZ,"Jan 29, 2009",METHYLPREDNISOLONE ACETATE||40MG/ML||INJECTABLE||INJECTION,40 mg/ml,,,
METHYLPREDNISOLONE ACETATE,INJECTABLE,INJECTION,40MG/ML,METHYLPREDNISOLONE ACETATE,SANDOZ,"Mar 5, 2009",METHYLPREDNISOLONE ACETATE||40MG/ML||INJECTABLE||INJECTION,40 mg/ml,,,
METHYLPREDNISOLONE ACETATE,INJECTABLE,INJECTION,80MG/ML,METHYLPREDNISOLONE ACETATE,SANDOZ,"Jan 29, 2009",METHYLPREDNISOLONE ACETATE||80MG/ML||INJECTABLE||INJECTION,80 mg/ml,,,
METHYLPREDNISOLONE ACETATE,INJECTABLE,INJECTION,80MG/ML,METHYLPREDNISOLONE ACETATE,SANDOZ,"Mar 5, 2009",METHYLPREDNISOLONE ACETATE||80MG/ML||INJECTABLE||INJECTION,80 mg/ml,,,
METHYLPREDNISOLONE SODIUM SUCCINATE,INJECTABLE,INJECTION,EQ 40MG BASE/VIAL,METHYLPREDNISOLONE SODIUM SUCCINATE,AMNEAL,"Nov 9, 2016",METHYLPREDNISOLONE SODIUM SUCCINATE||EQ 40MG BASE/VIAL||INJECTABLE||INJECTION,eq 40 mg base/vial,,,
METHYLPREDNISOLONE SODIUM SUCCINATE,INJECTABLE,INJECTION,EQ 125MG BASE/VIAL,METHYLPREDNISOLONE SODIUM SUCCINATE,AMNEAL,"Nov 9, 2016",METHYLPREDNISOLONE SODIUM SUCCINATE||EQ 125MG BASE/VIAL||INJECTABLE||INJECTION,eq 125 mg base/vial,,,
METHYLPREDNISOLONE SODIUM SUCCINATE,INJECTABLE,INJECTION,EQ 40MG BASE/VIAL,METHYLPREDNISOLONE SODIUM SUCCINATE,FRESENIUS KABI USA,"Jul 30, 2004",METHYLPREDNISOLONE SODIUM SUCCINATE||EQ 40MG BASE/VIAL||INJECTABLE||INJECTION,eq 40 mg base/vial,,,
METHYLPREDNISOLONE SODIUM SUCCINATE,INJECTABLE,INJECTION,EQ 125MG BASE/VIAL,METHYLPREDNISOLONE SODIUM SUCCINATE,FRESENIUS KABI USA,"Jul 30, 2004",METHYLPREDNISOLONE SODIUM SUCCINATE||EQ 125MG BASE/VIAL||INJECTABLE||INJECTION,eq 125 mg base/vial,,,
METHYLPREDNISOLONE SODIUM SUCCINATE,INJECTABLE,INJECTION,EQ 1GM BASE/VIAL,METHYLPREDNISOLONE SODIUM SUCCINATE,FRESENIUS KABI USA,"Aug 12, 2004",METHYLPREDNISOLONE SODIUM SUCCINATE||EQ 1GM BASE/VIAL||INJECTABLE||INJECTION,eq 1 gm base/vial,,,
METHYLPREDNISOLONE SODIUM SUCCINATE,INJECTABLE,INJECTION,EQ 40MG BASE/VIAL,METHYLPREDNISOLONE SODIUM SUCCINATE,HIKMA,"Sep 26, 2022",METHYLPREDNISOLONE SODIUM SUCCINATE||EQ 40MG BASE/VIAL||INJECTABLE||INJECTION,eq 40 mg base/vial,,,
METHYLPREDNISOLONE SODIUM SUCCINATE,INJECTABLE,INJECTION,EQ 125MG BASE/VIAL,METHYLPREDNISOLONE SODIUM SUCCINATE,HIKMA,"Sep 26, 2022",METHYLPREDNISOLONE SODIUM SUCCINATE||EQ 125MG BASE/VIAL||INJECTABLE||INJECTION,eq 125 mg base/vial,,,
METHYLPREDNISOLONE SODIUM SUCCINATE,INJECTABLE,INJECTION,EQ 500MG BASE/VIAL,METHYLPREDNISOLONE SODIUM SUCCINATE,HIKMA,"Feb 16, 2016",METHYLPREDNISOLONE SODIUM SUCCINATE||EQ 500MG BASE/VIAL||INJECTABLE||INJECTION,eq 500 mg base/vial,,,
METHYLPREDNISOLONE SODIUM SUCCINATE,INJECTABLE,INJECTION,EQ 1GM BASE/VIAL,METHYLPREDNISOLONE SODIUM SUCCINATE,HIKMA,"Feb 16, 2016",METHYLPREDNISOLONE SODIUM SUCCINATE||EQ 1GM BASE/VIAL||INJECTABLE||INJECTION,eq 1 gm base/vial,,,
METHYLPREDNISOLONE SODIUM SUCCINATE,INJECTABLE,INJECTION,EQ 40MG BASE/VIAL,METHYLPREDNISOLONE SODIUM SUCCINATE,SAGENT PHARMS INC,"Jul 18, 2011",METHYLPREDNISOLONE SODIUM SUCCINATE||EQ 40MG BASE/VIAL||INJECTABLE||INJECTION,eq 40 mg base/vial,,,
METHYLPREDNISOLONE SODIUM SUCCINATE,INJECTABLE,INJECTION,EQ 125MG BASE/VIAL,METHYLPREDNISOLONE SODIUM SUCCINATE,SAGENT PHARMS INC,"Jul 18, 2011",METHYLPREDNISOLONE SODIUM SUCCINATE||EQ 125MG BASE/VIAL||INJECTABLE||INJECTION,eq 125 mg base/vial,,,
METHYLPREDNISOLONE SODIUM SUCCINATE,INJECTABLE,INJECTION,EQ 500MG BASE/VIAL,METHYLPREDNISOLONE SODIUM SUCCINATE,SAGENT PHARMS INC,"Jul 18, 2011",METHYLPREDNISOLONE SODIUM SUCCINATE||EQ 500MG BASE/VIAL||INJECTABLE||INJECTION,eq 500 mg base/vial,,,
METHYLPREDNISOLONE SODIUM SUCCINATE,INJECTABLE,INJECTION,EQ 1GM BASE/VIAL,METHYLPREDNISOLONE SODIUM SUCCINATE,SAGENT PHARMS INC,"Jul 18, 2011",METHYLPREDNISOLONE SODIUM SUCCINATE||EQ 1GM BASE/VIAL||INJECTABLE||INJECTION,eq 1 gm base/vial,,,
METHYLPREDNISOLONE SODIUM SUCCINATE,INJECTABLE,INJECTION,EQ 2GM BASE/VIAL,METHYLPREDNISOLONE SODIUM SUCCINATE,SAGENT PHARMS INC,"Jul 18, 2011",METHYLPREDNISOLONE SODIUM SUCCINATE||EQ 2GM BASE/VIAL||INJECTABLE||INJECTION,eq 2 gm base/vial,,,
METHYLPREDNISOLONE SODIUM SUCCINATE,INJECTABLE,INJECTION,EQ 40MG BASE/VIAL,METHYLPREDNISOLONE SODIUM SUCCINATE,TIANJIN KINGYORK,"Apr 20, 2021",METHYLPREDNISOLONE SODIUM SUCCINATE||EQ 40MG BASE/VIAL||INJECTABLE||INJECTION,eq 40 mg base/vial,,,
METHYLPREDNISOLONE SODIUM SUCCINATE,INJECTABLE,INJECTION,EQ 125MG BASE/VIAL,METHYLPREDNISOLONE SODIUM SUCCINATE,TIANJIN KINGYORK,"Apr 20, 2021",METHYLPREDNISOLONE SODIUM SUCCINATE||EQ 125MG BASE/VIAL||INJECTABLE||INJECTION,eq 125 mg base/vial,,,
METHYLPREDNISOLONE SODIUM SUCCINATE,INJECTABLE,INJECTION,EQ 500MG BASE/VIAL,METHYLPREDNISOLONE SODIUM SUCCINATE,TIANJIN KINGYORK,"Apr 20, 2021",METHYLPREDNISOLONE SODIUM SUCCINATE||EQ 500MG BASE/VIAL||INJECTABLE||INJECTION,eq 500 mg base/vial,,,
METHYLPREDNISOLONE SODIUM SUCCINATE,INJECTABLE,INJECTION,EQ 1GM BASE/VIAL,METHYLPREDNISOLONE SODIUM SUCCINATE,TIANJIN KINGYORK,"Apr 20, 2021",METHYLPREDNISOLONE SODIUM SUCCINATE||EQ 1GM BASE/VIAL||INJECTABLE||INJECTION,eq 1 gm base/vial,,,
METHYLPREDNISOLONE SODIUM SUCCINATE,INJECTABLE,INJECTION,EQ 2GM BASE/VIAL,METHYLPREDNISOLONE SODIUM SUCCINATE,TIANJIN KINGYORK,"Apr 20, 2021",METHYLPREDNISOLONE SODIUM SUCCINATE||EQ 2GM BASE/VIAL||INJECTABLE||INJECTION,eq 2 gm base/vial,,,
METHYLPREDNISOLONE SODIUM SUCCINATE,INJECTABLE,INJECTION,EQ 2GM BASE/VIAL,SOLU-MEDROL,PHARMACIA AND UPJOHN,"Feb 27, 1985",METHYLPREDNISOLONE SODIUM SUCCINATE||EQ 2GM BASE/VIAL||INJECTABLE||INJECTION,eq 2 gm base/vial,,,
PREDNISONE,SOLUTION,ORAL,5MG/5ML,PREDNISONE,HIKMA,"Nov 8, 1984",PREDNISONE||5MG/5ML||SOLUTION||ORAL,5 mg/5 ml,,,
PREDNISONE,SOLUTION,ORAL,5MG/ML,PREDNISONE INTENSOL,HIKMA,"Feb 20, 1985",PREDNISONE||5MG/ML||SOLUTION||ORAL,5 mg/ml,,,
PREDNISONE,TABLET,ORAL,1MG,PREDNISONE,AMNEAL,"Jun 16, 2020",PREDNISONE||1MG||TABLET||ORAL,1 mg,,,
PREDNISONE,TABLET,ORAL,5MG,PREDNISONE,AMNEAL,"Jun 16, 2020",PREDNISONE||5MG||TABLET||ORAL,5 mg,,,
PREDNISONE,TABLET,ORAL,10MG,PREDNISONE,AMNEAL,"Jun 24, 2020",PREDNISONE||10MG||TABLET||ORAL,10 mg,,,
PREDNISONE,TABLET,ORAL,20MG,PREDNISONE,AMNEAL,"Jun 24, 2020",PREDNISONE||20MG||TABLET||ORAL,20 mg,,,
PREDNISONE,TABLET,ORAL,1MG,PREDNISONE,AUROBINDO PHARMA LTD,"Nov 16, 2021",PREDNISONE||1MG||TABLET||ORAL,1 mg,,,
PREDNISONE,TABLET,ORAL,2.5MG,PREDNISONE,AUROBINDO PHARMA LTD,"Mar 28, 2022",PREDNISONE||2.5MG||TABLET||ORAL,2.5 mg,,,
PREDNISONE,TABLET,ORAL,5MG,PREDNISONE,AUROBINDO PHARMA LTD,"Mar 28, 2022",PREDNISONE||5MG||TABLET||ORAL,5 mg,,,
PREDNISONE,TABLET,ORAL,10MG,PREDNISONE,AUROBINDO PHARMA LTD,"Mar 28, 2022",PREDNISONE||10MG||TABLET||ORAL,10 mg,,,
PREDNISONE,TABLET,ORAL,20MG,PREDNISONE,AUROBINDO PHARMA LTD,"Mar 28, 2022",PREDNISONE||20MG||TABLET||ORAL,20 mg,,,
PREDNISONE,TABLET,ORAL,50MG,PREDNISONE,AUROBINDO PHARMA LTD,"Mar 28, 2022",PREDNISONE||50MG||TABLET||ORAL,50 mg,,,
PREDNISONE,TABLET,ORAL,1MG,PREDNISONE,JUBILANT CADISTA,"Jun 6, 2005",PREDNISONE||1MG||TABLET||ORAL,1 mg,,,
PREDNISONE,TABLET,ORAL,2.5MG,PREDNISONE,JUBILANT CADISTA,"Apr 17, 2023",PREDNISONE||2.5MG||TABLET||ORAL,2.5 mg,,,
PREDNISONE,TABLET,ORAL,5MG,PREDNISONE,JUBILANT CADISTA,"Aug 29, 2001",PREDNISONE||5MG||TABLET||ORAL,5 mg,,,
PREDNISONE,TABLET,ORAL,10MG,PREDNISONE,JUBILANT CADISTA,"Aug 29, 2001",PREDNISONE||10MG||TABLET||ORAL,10 mg,,,
PREDNISONE,TABLET,ORAL,20MG,PREDNISONE,JUBILANT CADISTA,"Jun 29, 2005",PREDNISONE||20MG||TABLET||ORAL,20 mg,,,
PREDNISONE,TABLET,ORAL,50MG,PREDNISONE,JUBILANT CADISTA,"Apr 17, 2023",PREDNISONE||50MG||TABLET||ORAL,50 mg,,,
PREDNISONE,TABLET,ORAL,1MG,PREDNISONE,NOVITIUM PHARMA,"Jul 6, 2021",PREDNISONE||1MG||TABLET||ORAL,1 mg,,,
PREDNISONE,TABLET,ORAL,2.5MG,PREDNISONE,NOVITIUM PHARMA,"Nov 15, 2019",PREDNISONE||2.5MG||TABLET||ORAL,2.5 mg,,,
TRIAMCINOLONE ACETONIDE,CREAM,TOPICAL,0.025%,TRIAMCINOLONE ACETONIDE,ALKEM LABS LTD,"Dec 26, 2017",TRIAMCINOLONE ACETONIDE||0.025%||CREAM||TOPICAL,0.025%,,,
TRIAMCINOLONE ACETONIDE,CREAM,TOPICAL,0.1%,TRIAMCINOLONE ACETONIDE,ALKEM LABS LTD,"Dec 26, 2017",TRIAMCINOLONE ACETONIDE||0.1%||CREAM||TOPICAL,0.1%,,,
TRIAMCINOLONE ACETONIDE,CREAM,TOPICAL,0.5%,TRIAMCINOLONE ACETONIDE,ALKEM LABS LTD,"Dec 26, 2017",TRIAMCINOLONE ACETONIDE||0.5%||CREAM||TOPICAL,0.5%,,,
TRIAMCINOLONE ACETONIDE,CREAM,TOPICAL,0.025%,TRIAMCINOLONE ACETONIDE,CHARTWELL RX,"Feb 1, 2017",TRIAMCINOLONE ACETONIDE||0.025%||CREAM||TOPICAL,0.025%,,,
TRIAMCINOLONE ACETONIDE,CREAM,TOPICAL,0.1%,TRIAMCINOLONE ACETONIDE,CHARTWELL RX,"Feb 1, 2017",TRIAMCINOLONE ACETONIDE||0.1%||CREAM||TOPICAL,0.1%,,,
TRIAMCINOLONE ACETONIDE,CREAM,TOPICAL,0.5%,TRIAMCINOLONE ACETONIDE,CHARTWELL RX,"Feb 1, 2017",TRIAMCINOLONE ACETONIDE||0.5%||CREAM||TOPICAL,0.5%,,,
TRIAMCINOLONE ACETONIDE,CREAM,TOPICAL,0.025%,TRIAMCINOLONE ACETONIDE,COSETTE,"May 31, 1991",TRIAMCINOLONE ACETONIDE||0.025%||CREAM||TOPICAL,0.025%,,,
TRIAMCINOLONE ACETONIDE,CREAM,TOPICAL,0.1%,TRIAMCINOLONE ACETONIDE,COSETTE,"May 31, 1991",TRIAMCINOLONE ACETONIDE||0.1%||CREAM||TOPICAL,0.1%,,,
TRIAMCINOLONE ACETONIDE,CREAM,TOPICAL,0.1%,TRIAMCINOLONE ACETONIDE,ENCUBE,"Sep 18, 2017",TRIAMCINOLONE ACETONIDE||0.1%||CREAM||TOPICAL,0.1%,,,
TRIAMCINOLONE ACETONIDE,CREAM,TOPICAL,0.025%,TRIAMCINOLONE ACETONIDE,MACLEODS PHARMS LTD,"May 18, 2018",TRIAMCINOLONE ACETONIDE||0.025%||CREAM||TOPICAL,0.025%,,,
TRIAMCINOLONE ACETONIDE,CREAM,TOPICAL,0.1%,TRIAMCINOLONE ACETONIDE,MACLEODS PHARMS LTD,"May 18, 2018",TRIAMCINOLONE ACETONIDE||0.1%||CREAM||TOPICAL,0.1%,,,
TRIAMCINOLONE ACETONIDE,CREAM,TOPICAL,0.5%,TRIAMCINOLONE ACETONIDE,MACLEODS PHARMS LTD,"May 18, 2018",TRIAMCINOLONE ACETONIDE||0.5%||CREAM||TOPICAL,0.5%,,,
TRIAMCINOLONE ACETONIDE,CREAM,TOPICAL,0.025%,TRIAMCINOLONE ACETONIDE,MICRO LABS,"Jun 9, 2006",TRIAMCINOLONE ACETONIDE||0.025%||CREAM||TOPICAL,0.025%,,,
TRIAMCINOLONE ACETONIDE,CREAM,TOPICAL,0.1%,TRIAMCINOLONE ACETONIDE,MICRO LABS,"Jun 9, 2006",TRIAMCINOLONE ACETONIDE||0.1%||CREAM||TOPICAL,0.1%,,,
TRIAMCINOLONE ACETONIDE,CREAM,TOPICAL,0.1%,TRIAMCINOLONE ACETONIDE,TARO,"Nov 26, 1997",TRIAMCINOLONE ACETONIDE||0.1%||CREAM||TOPICAL,0.1%,,,
TRIAMCINOLONE ACETONIDE,CREAM,TOPICAL,0.025%,TRIDERM,CROWN LABS,"Mar 25, 2015",TRIAMCINOLONE ACETONIDE||0.025%||CREAM||TOPICAL,0.025%,,,
TRIAMCINOLONE ACETONIDE,CREAM,TOPICAL,0.1%,TRIDERM,CROWN LABS,"Mar 19, 1984",TRIAMCINOLONE ACETONIDE||0.1%||CREAM||TOPICAL,0.1%,,,
TRIAMCINOLONE ACETONIDE,CREAM,TOPICAL,0.5%,TRIDERM,CROWN LABS,"Mar 25, 2015",TRIAMCINOLONE ACETONIDE||0.5%||CREAM||TOPICAL,0.5%,,,
TRIAMCINOLONE ACETONIDE,INJECTABLE,INJECTION,40MG/ML,TRIAMCINOLONE ACETONIDE,ALEMBIC,"Oct 17, 2025",TRIAMCINOLONE ACETONIDE||40MG/ML||INJECTABLE||INJECTION,40 mg/ml,,,
TRIAMCINOLONE ACETONIDE,INJECTABLE,INJECTION,40MG/ML,TRIAMCINOLONE ACETONIDE,AMNEAL,"Dec 11, 2017",TRIAMCINOLONE ACETONIDE||40MG/ML||INJECTABLE||INJECTION,40 mg/ml,,,
