Active ingredients,Dosage Form,Route,Strength,Brand name,Applicant Holder,Approval Date,group_key,strength_normalized,dosage_range,frequency,population,group_id
ASPIRIN; CARISOPRODOL,TABLET,ORAL,325MG; 200MG,CARISOPRODOL AND ASPIRIN,CHARTWELL RX SCIENCES LLC,"Mar 31, 1989",ASPIRIN; CARISOPRODOL||325MG; 200MG||TABLET||ORAL,325 mg; 200 mg,adult: 1 tablet per dose,QID,adult,23
ASPIRIN; MEPROBAMATE,TABLET,ORAL,325MG; 200MG,Q-GESIC,QUANTUM PHARMICS LTD,"Jun 1, 1984",ASPIRIN; MEPROBAMATE||325MG; 200MG||TABLET||ORAL,325 mg; 200 mg,adult: 1 tablet per dose,TID-QID PRN,adult,27
ASPIRIN; CAFFEINE; PROPOXYPHENE HYDROCHLORIDE,CAPSULE,ORAL,389MG; 32.4MG; 65MG,DARVON COMPOUND-65,XANODYNE PHARMACEUTICS INC,"Mar 8, 1983",ASPIRIN; CAFFEINE; PROPOXYPHENE HYDROCHLORIDE||389MG; 32.4MG; 65MG||CAPSULE||ORAL,389 mg; 32.4 mg; 65 mg,adult: 1-2 capsules/tablets per dose,q4h PRN,adult,22
ASPIRIN; DIPYRIDAMOLE,"CAPSULE, EXTENDED RELEASE",ORAL,25MG; 200MG,ASPIRIN AND DIPYRIDAMOLE,GLENMARK SPECIALTY SA,"May 24, 2019","ASPIRIN; DIPYRIDAMOLE||25MG; 200MG||CAPSULE, EXTENDED RELEASE||ORAL",25 mg; 200 mg,adult: 1 capsule per dose,BID,adult,24
ASPIRIN; DIPYRIDAMOLE,"CAPSULE, EXTENDED RELEASE",ORAL,25MG; 200MG,ASPIRIN AND DIPYRIDAMOLE,MICRO LABS LTD,"Aug 11, 2021","ASPIRIN; DIPYRIDAMOLE||25MG; 200MG||CAPSULE, EXTENDED RELEASE||ORAL",25 mg; 200 mg,adult: 1 capsule per dose,BID,adult,24
ASPIRIN; PRAVASTATIN SODIUM,TABLET,ORAL,81MG; 40MG,PRAVIGARD PAC (COPACKAGED),BRISTOL MYERS SQUIBB CO,"Jun 24, 2003",ASPIRIN; PRAVASTATIN SODIUM||81MG; 40MG||TABLET||ORAL,81 mg; 40 mg,adult: 1 packet/tablet daily,daily,adult,34
ASPIRIN; DIPYRIDAMOLE,"CAPSULE, EXTENDED RELEASE",ORAL,25MG; 200MG **Federal Register determination that product was not discontinued or withdrawn for safety or effectiveness reasons**,AGGRENOX,BOEHRINGER INGELHEIM PHARMACEUTICALS INC,"Nov 22, 1999","ASPIRIN; DIPYRIDAMOLE||25MG; 200MG **Federal Register determination that product was not discontinued or withdrawn for safety or effectiveness reasons**||CAPSULE, EXTENDED RELEASE||ORAL",25 mg; 200 mg,adult: 1 capsule per dose,BID,adult,25
ASPIRIN; METHOCARBAMOL,TABLET,ORAL,325MG; 400MG,METHOCARBAMOL AND ASPIRIN,PAR PHARMACEUTICAL INC,"Nov 4, 1988",ASPIRIN; METHOCARBAMOL||325MG; 400MG||TABLET||ORAL,325 mg; 400 mg,adult: 1-2 tablets per dose,q6-8h PRN,adult,28
ASPIRIN; OMEPRAZOLE,"TABLET, DELAYED RELEASE",ORAL,325MG; 40MG,YOSPRALA,GENUS LIFE SCIENCES INC,"Sep 14, 2016","ASPIRIN; OMEPRAZOLE||325MG; 40MG||TABLET, DELAYED RELEASE||ORAL",325 mg; 40 mg,adult: 1 tablet daily,daily,adult,29
ASPIRIN; OXYCODONE HYDROCHLORIDE,TABLET,ORAL,325MG; 4.8355MG,OXYCODONE AND ASPIRIN,EPIC PHARMA LLC,"Jul 16, 2020",ASPIRIN; OXYCODONE HYDROCHLORIDE||325MG; 4.8355MG||TABLET||ORAL,325 mg; 4.8355 mg,adult: 1 tablet per dose,q6h PRN,adult,30
ASPIRIN; PENTAZOCINE HYDROCHLORIDE,TABLET,ORAL,325MG; EQ 12.5MG BASE **Federal Register determination that product was not discontinued or withdrawn for safety or effectiveness reasons**,TALWIN COMPOUND,SANOFI AVENTIS US LLC,"Approved Prior to Jan 1, 1982",ASPIRIN; PENTAZOCINE HYDROCHLORIDE||325MG; EQ 12.5MG BASE **Federal Register determination that product was not discontinued or withdrawn for safety or effectiveness reasons**||TABLET||ORAL,325 mg; eq 12.5 mg BASE,adult: 1 capsule per dose,q4h PRN,adult,31
ASPIRIN; CAFFEINE; ORPHENADRINE CITRATE,TABLET,ORAL,385MG; 30MG; 25MG **Federal Register determination that product was not discontinued or withdrawn for safety or effectiveness reasons**,NORGESIC,BAUSCH HEALTH US LLC,"Oct 27, 1982",ASPIRIN; CAFFEINE; ORPHENADRINE CITRATE||385MG; 30MG; 25MG **Federal Register determination that product was not discontinued or withdrawn for safety or effectiveness reasons**||TABLET||ORAL,385 mg; 30 mg; 25 mg,adult: 1-2 tablets per dose,TID-QID PRN,adult,21
ASPIRIN; PRAVASTATIN SODIUM,TABLET,ORAL,81MG; 80MG,PRAVIGARD PAC (COPACKAGED),BRISTOL MYERS SQUIBB CO,"Jun 24, 2003",ASPIRIN; PRAVASTATIN SODIUM||81MG; 80MG||TABLET||ORAL,81 mg; 80 mg,adult: 1 packet/tablet daily,daily,adult,35
ASPIRIN,TABLET,ORAL,500MG,BAYER EXTRA STRENGTH ASPIRIN FOR MIGRAINE PAIN,BAYER HEALTHCARE LLC,"Oct 18, 2001",ASPIRIN||500MG||TABLET||ORAL,500 mg,adult: 325-650 mg per dose; pediatric: not routine,q4-6h PRN,adult,20
ASPIRIN; HYDROCODONE BITARTRATE,TABLET,ORAL,500MG; 5MG,VICOPRIN,ABBOTT LABORATORIES PHARMACEUTICAL PRODUCTS DIV,"Sep 14, 1983",ASPIRIN; HYDROCODONE BITARTRATE||500MG; 5MG||TABLET||ORAL,500 mg; 5 mg,adult: 1-2 tablets per dose,q4-6h PRN,adult,26
ASPIRIN,TABLET,ORAL,500MG,BAYER EXTRA STRENGTH ASPIRIN FOR MIGRAINE PAIN,BAYER HEALTHCARE LLC,"Oct 18, 2001",ASPIRIN||500MG||TABLET||ORAL,500 mg,adult: 325-650 mg per dose; pediatric: not routine,q4-6h PRN,adult,20
ACETAMINOPHEN; ASPIRIN; CAFFEINE,TABLET,ORAL,250MG; 250MG; 65MG,"ACETAMINOPHEN, ASPIRIN AND CAFFEINE",L PERRIGO CO,"Nov 26, 2001",ACETAMINOPHEN; ASPIRIN; CAFFEINE||250MG; 250MG; 65MG||TABLET||ORAL,250 mg; 250 mg; 65 mg,adult/adolescent >=12: 2 tablets per dose; max 8 tablets/day,q6h PRN,adult/adolescent >=12,0
ASPIRIN; PRAVASTATIN SODIUM,TABLET,ORAL,325MG; 40MG,PRAVIGARD PAC (COPACKAGED),BRISTOL MYERS SQUIBB CO,"Jun 24, 2003",ASPIRIN; PRAVASTATIN SODIUM||325MG; 40MG||TABLET||ORAL,325 mg; 40 mg,adult: 1 packet/tablet daily,daily,adult,32
ASPIRIN; PRAVASTATIN SODIUM,TABLET,ORAL,81MG; 20MG,PRAVIGARD PAC (COPACKAGED),BRISTOL MYERS SQUIBB CO,"Jun 24, 2003",ASPIRIN; PRAVASTATIN SODIUM||81MG; 20MG||TABLET||ORAL,81 mg; 20 mg,adult: 1 packet/tablet daily,daily,adult,33
ACETAMINOPHEN; ASPIRIN; CODEINE PHOSPHATE,CAPSULE,ORAL,150MG; 180MG; 30MG,"ACETAMINOPHEN, ASPIRIN, AND CODEINE PHOSPHATE",MIKART LLC,"Oct 26, 1990",ACETAMINOPHEN; ASPIRIN; CODEINE PHOSPHATE||150MG; 180MG; 30MG||CAPSULE||ORAL,150 mg; 180 mg; 30 mg,adult: 1-2 tablets per dose,q4h PRN,adult,1
HYDROCODONE BITARTRATE; IBUPROFEN,TABLET,ORAL,5MG; 200MG,HYDROCODONE BITARTRATE AND IBUPROFEN,AMNEAL PHARMACEUTICALS NY LLC,"Mar 18, 2004",HYDROCODONE BITARTRATE; IBUPROFEN||5MG; 200MG||TABLET||ORAL,5 mg; 200 mg,adult: 1 tablet per dose,q4-6h PRN,adult,65
DIPHENHYDRAMINE HYDROCHLORIDE; IBUPROFEN,CAPSULE,ORAL,25MG; EQ 200MG FREE ACID AND POTASSIUM SALT,IBUPROFEN AND DIPHENHYDRAMINE HYDROCHLORIDE,ONESOURCE SPECIALTY PTE LTD,"Mar 5, 2012",DIPHENHYDRAMINE HYDROCHLORIDE; IBUPROFEN||25MG; EQ 200MG FREE ACID AND POTASSIUM SALT||CAPSULE||ORAL,25 mg; eq 200 mg FREE ACID AND POTASSIUM SALT,adult/adolescent >=12: 2 capsules at bedtime,nightly PRN,adult/adolescent >=12,56
IBUPROFEN,SUSPENSION,ORAL,100MG/5ML,IBUPROFEN,ARISE PHARMACEUTICALS LLC,"Aug 18, 2011",IBUPROFEN||100MG/5ML||SUSPENSION||ORAL,100 mg/5 mL,adult: 200-400 mg per dose; pediatric: 5-10 mg/kg per dose,q6-8h PRN,adult/pediatric,66
IBUPROFEN,TABLET,ORAL,800MG,IBUPROFEN,STRIDES PHARMA INTERNATIONAL AG,"Jul 25, 1986",IBUPROFEN||800MG||TABLET||ORAL,800 mg,adult: 200-400 mg OTC or 400-800 mg Rx per dose,q4-6h PRN,adult/adolescent >=12,70
IBUPROFEN,TABLET,ORAL,600MG,IBUPROFEN,AUROBINDO PHARMA LTD,"May 8, 2020",IBUPROFEN||600MG||TABLET||ORAL,600 mg,adult: 200-400 mg OTC or 400-800 mg Rx per dose,q4-6h PRN,adult/adolescent >=12,69
IBUPROFEN; OXYCODONE HYDROCHLORIDE,TABLET,ORAL,400MG; 5MG,OXYCODONE HYDROCHLORIDE AND IBUPROFEN,BARR LABORATORIES INC,"Nov 29, 2007",IBUPROFEN; OXYCODONE HYDROCHLORIDE||400MG; 5MG||TABLET||ORAL,400 mg; 5 mg,adult: 1 tablet per dose,q4-6h PRN,adult,73
IBUPROFEN LYSINE,INJECTABLE,INTRAVENOUS,EQ 20MG BASE/2ML (EQ 10MG BASE/ML),NEOPROFEN,RECORDATI RARE DISEASES INC,"Apr 13, 2006",IBUPROFEN LYSINE||EQ 20MG BASE/2ML (EQ 10MG BASE/ML)||INJECTABLE||INTRAVENOUS,eq 20 mg BASE/2 mL (eq 10 mg BASE/ mL),"neonatal: 10 mg/kg, then 5 mg/kg at 24 h and 48 h",q24h x 3 doses,neonatal,72
CHLORPHENIRAMINE MALEATE; IBUPROFEN; PSEUDOEPHEDRINE HYDROCHLORIDE,TABLET,ORAL,2MG; 200MG; 30MG,ADVIL ALLERGY SINUS,HALEON US HOLDINGS LLC,"Dec 19, 2002",CHLORPHENIRAMINE MALEATE; IBUPROFEN; PSEUDOEPHEDRINE HYDROCHLORIDE||2MG; 200MG; 30MG||TABLET||ORAL,2 mg; 200 mg; 30 mg,adult/adolescent >=12: 1-2 tablets per dose,q4-6h PRN,adult/adolescent >=12,43
FAMOTIDINE; IBUPROFEN,TABLET,ORAL,26.6MG; 800MG,IBUPROFEN AND FAMOTIDINE,TEVA PHARMACEUTICALS USA,"Oct 29, 2021",FAMOTIDINE; IBUPROFEN||26.6MG; 800MG||TABLET||ORAL,26.6 mg; 800 mg,adult: 1 tablet per dose,TID,adult,59
IBUPROFEN LYSINE,INJECTABLE,INTRAVENOUS,EQ 20MG BASE/2ML (EQ 10MG BASE/ML),IBUPROFEN LYSINE,XGEN PHARMACEUTICALS DJB INC,"Mar 30, 2016",IBUPROFEN LYSINE||EQ 20MG BASE/2ML (EQ 10MG BASE/ML)||INJECTABLE||INTRAVENOUS,eq 20 mg BASE/2 mL (eq 10 mg BASE/ mL),"neonatal: 10 mg/kg, then 5 mg/kg at 24 h and 48 h",q24h x 3 doses,neonatal,72
IBUPROFEN,TABLET,ORAL,400MG,IBUPROFEN,PH HEALTH LTD,"Feb 1, 1988",IBUPROFEN||400MG||TABLET||ORAL,400 mg,adult: 200-400 mg OTC or 400-800 mg Rx per dose,q4-6h PRN,adult/adolescent >=12,68
IBUPROFEN,CAPSULE,ORAL,EQ 200MG FREE ACID AND POTASSIUM SALT,IBUPROFEN,AMNEAL PHARMACEUTICALS OF NEW YORK LLC,"Dec 23, 2011",IBUPROFEN||EQ 200MG FREE ACID AND POTASSIUM SALT||CAPSULE||ORAL,eq 200 mg FREE ACID AND POTASSIUM SALT,adult: 200-400 mg OTC or 400-800 mg Rx per dose,q4-6h PRN,adult/adolescent >=12,71
IBUPROFEN,TABLET,ORAL,200MG,IBUPROFEN,DR REDDYS LABORATORIES INC,"Nov 20, 2001",IBUPROFEN||200MG||TABLET||ORAL,200 mg,adult: 200-400 mg OTC or 400-800 mg Rx per dose,q4-6h PRN,adult/adolescent >=12,67
IBUPROFEN; PSEUDOEPHEDRINE HYDROCHLORIDE,SUSPENSION,ORAL,100MG/5ML; 15MG/5ML,CHILDREN'S ADVIL COLD,HALEON US HOLDINGS LLC,"Apr 18, 2002",IBUPROFEN; PSEUDOEPHEDRINE HYDROCHLORIDE||100MG/5ML; 15MG/5ML||SUSPENSION||ORAL,100 mg/5 mL; 15 mg/5 mL,pediatric: age-based 5-10 mL per dose,q6h PRN,pediatric,74
ACETAMINOPHEN; IBUPROFEN,TABLET,ORAL,250MG; 125MG,ACETAMINOPHEN AND IBUPROFEN,MARKSANS PHARMA LTD,"Jul 10, 2023",ACETAMINOPHEN; IBUPROFEN||250MG; 125MG||TABLET||ORAL,250 mg; 125 mg,adult: 1-2 tablets per dose,q6h PRN,adult,2
IBUPROFEN; OXYCODONE HYDROCHLORIDE,TABLET,ORAL,400MG; 5MG,OXYCODONE HYDROCHLORIDE AND IBUPROFEN,ACTAVIS ELIZABETH LLC,"Jan 4, 2008",IBUPROFEN; OXYCODONE HYDROCHLORIDE||400MG; 5MG||TABLET||ORAL,400 mg; 5 mg,adult: 1 tablet per dose,q4-6h PRN,adult,73
IBUPROFEN,TABLET,ORAL,200MG,NUPRIN,BRISTOL MYERS PRODUCTS INC,"Feb 16, 1988",IBUPROFEN||200MG||TABLET||ORAL,200 mg,adult: 200-400 mg OTC or 400-800 mg Rx per dose,q4-6h PRN,adult/adolescent >=12,67
IBUPROFEN,CAPSULE,ORAL,EQ 200MG FREE ACID AND POTASSIUM SALT,IBUPROFEN,PATHEON SOFTGELS BV,"Feb 13, 2024",IBUPROFEN||EQ 200MG FREE ACID AND POTASSIUM SALT||CAPSULE||ORAL,eq 200 mg FREE ACID AND POTASSIUM SALT,adult: 200-400 mg OTC or 400-800 mg Rx per dose,q4-6h PRN,adult/adolescent >=12,71
IBUPROFEN,TABLET,ORAL,600MG,IBUPROFEN,SUPERPHARM CORP,"Apr 25, 1986",IBUPROFEN||600MG||TABLET||ORAL,600 mg,adult: 200-400 mg OTC or 400-800 mg Rx per dose,q4-6h PRN,adult/adolescent >=12,69
IBUPROFEN,SUSPENSION,ORAL,100MG/5ML,CHILDREN'S ELIXSURE,MOBERG PHARMA NORTH AMERICA LLC,"Jan 7, 2004",IBUPROFEN||100MG/5ML||SUSPENSION||ORAL,100 mg/5 mL,adult: 200-400 mg per dose; pediatric: 5-10 mg/kg per dose,q6-8h PRN,adult/pediatric,66
AMOXICILLIN,TABLET,ORAL,875MG **Federal Register determination that product was not discontinued or withdrawn for safety or effectiveness reasons**,AMOXIL,US ANTIBIOTICS LLC,"Jul 10, 1998",AMOXICILLIN||875MG **Federal Register determination that product was not discontinued or withdrawn for safety or effectiveness reasons**||TABLET||ORAL,875 mg,adult: 250-500 mg q8h or 500-875 mg q12h; pediatric: 20-45 mg/kg/day divided q8-12h,q8-12h,adult/pediatric,14
AMOXICILLIN,FOR SUSPENSION,ORAL,125MG/5ML,AMOXICILLIN,HIKMA PHARMACEUTICALS,"Jun 19, 2006",AMOXICILLIN||125MG/5ML||FOR SUSPENSION||ORAL,125 mg/5 mL,adult: 250-500 mg q8h or 500-875 mg q12h; pediatric: 20-45 mg/kg/day divided q8-12h,q8-12h,adult/pediatric,6
AMOXICILLIN; CLAVULANATE POTASSIUM,FOR SUSPENSION,ORAL,125MG/5ML; EQ 31.25MG BASE/5ML,AUGMENTIN '125',US ANTIBIOTICS LLC,"Aug 6, 1984",AMOXICILLIN; CLAVULANATE POTASSIUM||125MG/5ML; EQ 31.25MG BASE/5ML||FOR SUSPENSION||ORAL,125 mg/5 mL; eq 31.25 mg BASE/5 mL,adult: 500/125 mg q8h or 875/125 mg q12h; pediatric: 25-45 mg/kg/day (amoxicillin component) divided q12h,q8-12h,adult/pediatric,15
AMOXICILLIN; OMEPRAZOLE MAGNESIUM; RIFABUTIN,"CAPSULE, DELAYED RELEASE",ORAL,250MG; EQ 10MG BASE; 12.5MG,TALICIA,TALICIA HOLDINGS INC,"Nov 1, 2019","AMOXICILLIN; OMEPRAZOLE MAGNESIUM; RIFABUTIN||250MG; EQ 10MG BASE; 12.5MG||CAPSULE, DELAYED RELEASE||ORAL",250 mg; eq 10 mg BASE; 12.5 mg,adult: 4 capsules per dose for 14 days,q8h,adult,19
AMOXICILLIN,"TABLET, CHEWABLE",ORAL,125MG,AMOXICILLIN,TEVA PHARMACEUTICALS USA INC,"Dec 19, 1996","AMOXICILLIN||125MG||TABLET, CHEWABLE||ORAL",125 mg,adult: 250-500 mg q8h or 500-875 mg q12h; pediatric: 20-45 mg/kg/day divided q8-12h,q8-12h,adult/pediatric,5
AMOXICILLIN,CAPSULE,ORAL,500MG,AMOXICILLIN,MICRO LABS LTD,"Jun 24, 2022",AMOXICILLIN||500MG||CAPSULE||ORAL,500 mg,adult: 250-500 mg q8h or 500-875 mg q12h; pediatric: 20-45 mg/kg/day divided q8-12h,q8-12h,adult/pediatric,11
AMOXICILLIN,CAPSULE,ORAL,250MG,AMOXICILLIN,STRIDES PHARMA INTERNATIONAL AG,"Feb 25, 1988",AMOXICILLIN||250MG||CAPSULE||ORAL,250 mg,adult: 250-500 mg q8h or 500-875 mg q12h; pediatric: 20-45 mg/kg/day divided q8-12h,q8-12h,adult/pediatric,8
AMOXICILLIN,FOR SUSPENSION,ORAL,50MG/ML **Federal Register determination that product was not discontinued or withdrawn for safety or effectiveness reasons**,AMOXIL,GLAXOSMITHKLINE,"Approved Prior to Jan 1, 1982",AMOXICILLIN||50MG/ML **Federal Register determination that product was not discontinued or withdrawn for safety or effectiveness reasons**||FOR SUSPENSION||ORAL,50 mg/mL,adult: 250-500 mg q8h or 500-875 mg q12h; pediatric: 20-45 mg/kg/day divided q8-12h,q8-12h,adult/pediatric,13
AMOXICILLIN,FOR SUSPENSION,ORAL,200MG/5ML,AMOXICILLIN,HIKMA PHARMACEUTICALS,"Jun 19, 2006",AMOXICILLIN||200MG/5ML||FOR SUSPENSION||ORAL,200 mg/5 mL,adult: 250-500 mg q8h or 500-875 mg q12h; pediatric: 20-45 mg/kg/day divided q8-12h,q8-12h,adult/pediatric,7
AMOXICILLIN,FOR SUSPENSION,ORAL,125MG/5ML,TRIMOX,APOTHECON SUB BRISTOL MYERS SQUIBB CO,"Approved Prior to Jan 1, 1982",AMOXICILLIN||125MG/5ML||FOR SUSPENSION||ORAL,125 mg/5 mL,adult: 250-500 mg q8h or 500-875 mg q12h; pediatric: 20-45 mg/kg/day divided q8-12h,q8-12h,adult/pediatric,6
AMOXICILLIN,"TABLET, CHEWABLE",ORAL,250MG,AMOXICILLIN,SUN PHARMACEUTICAL INDUSTRIES LTD,"Dec 23, 1999","AMOXICILLIN||250MG||TABLET, CHEWABLE||ORAL",250 mg,adult: 250-500 mg q8h or 500-875 mg q12h; pediatric: 20-45 mg/kg/day divided q8-12h,q8-12h,adult/pediatric,9
AMOXICILLIN,FOR SUSPENSION,ORAL,50MG/ML,AMOXICILLIN PEDIATRIC,TEVA PHARMACEUTICALS USA INC,"Dec 1, 1982",AMOXICILLIN||50MG/ML||FOR SUSPENSION||ORAL,50 mg/mL,adult: 250-500 mg q8h or 500-875 mg q12h; pediatric: 20-45 mg/kg/day divided q8-12h,q8-12h,adult/pediatric,12
AMOXICILLIN,FOR SUSPENSION,ORAL,125MG/5ML,WYMOX,WYETH AYERST LABORATORIES,"Approved Prior to Jan 1, 1982",AMOXICILLIN||125MG/5ML||FOR SUSPENSION||ORAL,125 mg/5 mL,adult: 250-500 mg q8h or 500-875 mg q12h; pediatric: 20-45 mg/kg/day divided q8-12h,q8-12h,adult/pediatric,6
AMOXICILLIN,"TABLET, FOR SUSPENSION",ORAL,400MG,AMOXICILLIN,AUROBINDO PHARMA LTD,"Jan 17, 2007","AMOXICILLIN||400MG||TABLET, FOR SUSPENSION||ORAL",400 mg,adult: 250-500 mg q8h or 500-875 mg q12h; pediatric: 20-45 mg/kg/day divided q8-12h,q8-12h,adult/pediatric,10
AMOXICILLIN,FOR SUSPENSION,ORAL,125MG/5ML,AMOXICILLIN,MYLAN PHARMACEUTICALS INC,"Approved Prior to Jan 1, 1982",AMOXICILLIN||125MG/5ML||FOR SUSPENSION||ORAL,125 mg/5 mL,adult: 250-500 mg q8h or 500-875 mg q12h; pediatric: 20-45 mg/kg/day divided q8-12h,q8-12h,adult/pediatric,6
AMOXICILLIN; CLAVULANATE POTASSIUM,TABLET,ORAL,875MG; EQ 125MG BASE,AMOXICILLIN AND CLAVULANATE POTASSIUM,SUN PHARMACEUTICAL INDUSTRIES LTD,"Sep 17, 2002",AMOXICILLIN; CLAVULANATE POTASSIUM||875MG; EQ 125MG BASE||TABLET||ORAL,875 mg; eq 125 mg BASE,adult: 500/125 mg q8h or 875/125 mg q12h; pediatric: 25-45 mg/kg/day (amoxicillin component) divided q12h,q8-12h,adult/pediatric,18
AMOXICILLIN,"TABLET, CHEWABLE",ORAL,125MG,AMOXICILLIN,HIKMA PHARMACEUTICALS LLC,"Jun 25, 2020","AMOXICILLIN||125MG||TABLET, CHEWABLE||ORAL",125 mg,adult: 250-500 mg q8h or 500-875 mg q12h; pediatric: 20-45 mg/kg/day divided q8-12h,q8-12h,adult/pediatric,5
AMOXICILLIN; CLAVULANATE POTASSIUM,FOR SUSPENSION,ORAL,200MG/5ML; EQ 28.5MG BASE/5ML,AUGMENTIN '200',US ANTIBIOTICS LLC,"May 31, 1996",AMOXICILLIN; CLAVULANATE POTASSIUM||200MG/5ML; EQ 28.5MG BASE/5ML||FOR SUSPENSION||ORAL,200 mg/5 mL; eq 28.5 mg BASE/5 mL,adult: 500/125 mg q8h or 875/125 mg q12h; pediatric: 25-45 mg/kg/day (amoxicillin component) divided q12h,q8-12h,adult/pediatric,16
AMOXICILLIN; CLAVULANATE POTASSIUM,TABLET,ORAL,875MG; EQ 125MG BASE,AMOXICILLIN AND CLAVULANATE POTASSIUM,AUROBINDO PHARMA LTD,"Jan 20, 2012",AMOXICILLIN; CLAVULANATE POTASSIUM||875MG; EQ 125MG BASE||TABLET||ORAL,875 mg; eq 125 mg BASE,adult: 500/125 mg q8h or 875/125 mg q12h; pediatric: 25-45 mg/kg/day (amoxicillin component) divided q12h,q8-12h,adult/pediatric,18
AMOXICILLIN; CLAVULANATE POTASSIUM,FOR SUSPENSION,ORAL,600MG/5ML; EQ 42.9MG BASE/5ML,AUGMENTIN ES-600,US ANTIBIOTICS LLC,"Jun 22, 2001",AMOXICILLIN; CLAVULANATE POTASSIUM||600MG/5ML; EQ 42.9MG BASE/5ML||FOR SUSPENSION||ORAL,600 mg/5 mL; eq 42.9 mg BASE/5 mL,adult: 500/125 mg q8h or 875/125 mg q12h; pediatric: 25-45 mg/kg/day (amoxicillin component) divided q12h,q8-12h,adult/pediatric,17
METOPROLOL TARTRATE,TABLET,ORAL,50MG,METOPROLOL TARTRATE,IPCA LABORATORIES LTD,"Jun 17, 2008",METOPROLOL TARTRATE||50MG||TABLET||ORAL,50 mg,adult: 50-100 mg per dose,BID,adult,89
METOPROLOL TARTRATE,TABLET,ORAL,50MG,METOPROLOL TARTRATE,CHARTWELL RX SCIENCES LLC,"Mar 25, 1994",METOPROLOL TARTRATE||50MG||TABLET||ORAL,50 mg,adult: 50-100 mg per dose,BID,adult,89
METOPROLOL SUCCINATE,"TABLET, EXTENDED RELEASE",ORAL,EQ 200MG TARTRATE,METOPROLOL SUCCINATE,YICHANG HUMANWELL PHARMACEUTICAL CO LTD,"Feb 12, 2021","METOPROLOL SUCCINATE||EQ 200MG TARTRATE||TABLET, EXTENDED RELEASE||ORAL",eq 200 mg TARTRATE,adult: 25-200 mg daily,daily,adult,85
METOPROLOL SUCCINATE,"TABLET, EXTENDED RELEASE",ORAL,EQ 200MG TARTRATE,METOPROLOL SUCCINATE,SANDOZ,"Mar 20, 2008","METOPROLOL SUCCINATE||EQ 200MG TARTRATE||TABLET, EXTENDED RELEASE||ORAL",eq 200 mg TARTRATE,adult: 25-200 mg daily,daily,adult,85
METOPROLOL SUCCINATE,"TABLET, EXTENDED RELEASE",ORAL,EQ 100MG TARTRATE,METOPROLOL SUCCINATE,ACTAVIS LABORATORIES FL INC,"Apr 15, 2010","METOPROLOL SUCCINATE||EQ 100MG TARTRATE||TABLET, EXTENDED RELEASE||ORAL",eq 100 mg TARTRATE,adult: 25-200 mg daily,daily,adult,84
METOPROLOL TARTRATE,TABLET,ORAL,100MG,LOPRESSOR,VALIDUS PHARMACEUTICALS LLC,"Approved Prior to Jan 1, 1982",METOPROLOL TARTRATE||100MG||TABLET||ORAL,100 mg,adult: 50-100 mg per dose,BID,adult,88
METOPROLOL FUMARATE,"TABLET, EXTENDED RELEASE",ORAL,EQ 400MG TARTRATE,LOPRESSOR,NOVARTIS PHARMACEUTICALS CORP,"Dec 27, 1989","METOPROLOL FUMARATE||EQ 400MG TARTRATE||TABLET, EXTENDED RELEASE||ORAL",eq 400 mg TARTRATE,adult: 200-400 mg daily,daily,adult,83
METOPROLOL SUCCINATE,"TABLET, EXTENDED RELEASE",ORAL,EQ 100MG TARTRATE,METOPROLOL SUCCINATE,ZHEJIANG JUTAI PHARMACEUTICAL CO LTD,"Jul 26, 2024","METOPROLOL SUCCINATE||EQ 100MG TARTRATE||TABLET, EXTENDED RELEASE||ORAL",eq 100 mg TARTRATE,adult: 25-200 mg daily,daily,adult,84
METOPROLOL SUCCINATE,"TABLET, EXTENDED RELEASE",ORAL,EQ 25MG TARTRATE,TOPROL-XL,MELINTA THERAPEUTICS LLC A WHOLLY OWNED SUB OF CORMEDIX INC,"Feb 5, 2001","METOPROLOL SUCCINATE||EQ 25MG TARTRATE||TABLET, EXTENDED RELEASE||ORAL",eq 25 mg TARTRATE,adult: 25-200 mg daily,daily,adult,86
METOPROLOL TARTRATE,TABLET,ORAL,50MG,METOPROLOL TARTRATE,TEVA PHARMACEUTICALS USA INC,"Sep 30, 1994",METOPROLOL TARTRATE||50MG||TABLET||ORAL,50 mg,adult: 50-100 mg per dose,BID,adult,89
METOPROLOL SUCCINATE,"TABLET, EXTENDED RELEASE",ORAL,EQ 50MG TARTRATE,METOPROLOL SUCCINATE,PHARMADAX INC,"Mar 31, 2020","METOPROLOL SUCCINATE||EQ 50MG TARTRATE||TABLET, EXTENDED RELEASE||ORAL",eq 50 mg TARTRATE,adult: 25-200 mg daily,daily,adult,87
METOPROLOL SUCCINATE,"TABLET, EXTENDED RELEASE",ORAL,EQ 100MG TARTRATE,METOPROLOL SUCCINATE,NESHER PHARMACEUTICALS USA LLC,"May 18, 2007","METOPROLOL SUCCINATE||EQ 100MG TARTRATE||TABLET, EXTENDED RELEASE||ORAL",eq 100 mg TARTRATE,adult: 25-200 mg daily,daily,adult,84
METOPROLOL SUCCINATE,"TABLET, EXTENDED RELEASE",ORAL,EQ 50MG TARTRATE,METOPROLOL SUCCINATE,HETERO LABS LTD UNIT III,"Nov 6, 2020","METOPROLOL SUCCINATE||EQ 50MG TARTRATE||TABLET, EXTENDED RELEASE||ORAL",eq 50 mg TARTRATE,adult: 25-200 mg daily,daily,adult,87
METOPROLOL TARTRATE,TABLET,ORAL,50MG,METOPROLOL TARTRATE,WATSON LABORATORIES INC,"May 27, 1994",METOPROLOL TARTRATE||50MG||TABLET||ORAL,50 mg,adult: 50-100 mg per dose,BID,adult,89
METOPROLOL TARTRATE,TABLET,ORAL,50MG,METOPROLOL TARTRATE,ALEMBIC PHARMACEUTICALS LTD,"May 28, 2013",METOPROLOL TARTRATE||50MG||TABLET||ORAL,50 mg,adult: 50-100 mg per dose,BID,adult,89
METOPROLOL SUCCINATE,"TABLET, EXTENDED RELEASE",ORAL,EQ 100MG TARTRATE,METOPROLOL SUCCINATE,ALKEM LABORATORIES LTD,"Nov 25, 2020","METOPROLOL SUCCINATE||EQ 100MG TARTRATE||TABLET, EXTENDED RELEASE||ORAL",eq 100 mg TARTRATE,adult: 25-200 mg daily,daily,adult,84
METOPROLOL SUCCINATE,"TABLET, EXTENDED RELEASE",ORAL,EQ 25MG TARTRATE,METOPROLOL SUCCINATE,NESHER PHARMACEUTICALS USA LLC,"Mar 20, 2008","METOPROLOL SUCCINATE||EQ 25MG TARTRATE||TABLET, EXTENDED RELEASE||ORAL",eq 25 mg TARTRATE,adult: 25-200 mg daily,daily,adult,86
METOPROLOL TARTRATE,TABLET,ORAL,75MG,METOPROLOL TARTRATE,RUBICON RESEARCH LTD,"Aug 21, 2019",METOPROLOL TARTRATE||75MG||TABLET||ORAL,75 mg,adult: 50-100 mg per dose,BID,adult,90
METOPROLOL SUCCINATE,"TABLET, EXTENDED RELEASE",ORAL,EQ 25MG TARTRATE,METOPROLOL SUCCINATE,SUNSHINE LAKE PHARMA CO LTD,"May 23, 2024","METOPROLOL SUCCINATE||EQ 25MG TARTRATE||TABLET, EXTENDED RELEASE||ORAL",eq 25 mg TARTRATE,adult: 25-200 mg daily,daily,adult,86
METOPROLOL SUCCINATE,"TABLET, EXTENDED RELEASE",ORAL,EQ 100MG TARTRATE,METOPROLOL SUCCINATE,ACTAVIS ELIZABETH LLC,"Nov 25, 2016","METOPROLOL SUCCINATE||EQ 100MG TARTRATE||TABLET, EXTENDED RELEASE||ORAL",eq 100 mg TARTRATE,adult: 25-200 mg daily,daily,adult,84
MELOXICAM,TABLET,ORAL,15MG,MELOXICAM,LUPIN PHARMACEUTICALS INC,"Jul 19, 2006",MELOXICAM||15MG||TABLET||ORAL,15 mg,adult: 7.5-15 mg daily; pediatric: 0.125 mg/kg daily (selected indications),daily,adult/pediatric,76
MELOXICAM,TABLET,ORAL,15MG,MELOXICAM,YABAO PHARMACEUTICAL CO LTD BEIJING,"Jul 19, 2006",MELOXICAM||15MG||TABLET||ORAL,15 mg,adult: 7.5-15 mg daily; pediatric: 0.125 mg/kg daily (selected indications),daily,adult/pediatric,76
BUPIVACAINE; MELOXICAM,"SOLUTION, EXTENDED RELEASE",PERIARTICULAR,200MG/7ML (29.25MG/ML); 6MG/7ML (0.88MG/ML),ZYNRELEF KIT,HERON THERAPEUTICS INC,"May 12, 2021","BUPIVACAINE; MELOXICAM||200MG/7ML (29.25MG/ML); 6MG/7ML (0.88MG/ML)||SOLUTION, EXTENDED RELEASE||PERIARTICULAR",200 mg/7 mL (29.25 mg/mL); 6 mg/7 mL (0.88 mg/mL),single-dose surgical-site infiltration by clinician; no repeat dosing,once,adult perioperative,36
MELOXICAM,TABLET,ORAL,7.5MG,MELOXICAM,ROXANE LABORATORIES INC,"Jul 19, 2006",MELOXICAM||7.5MG||TABLET||ORAL,7.5 mg,adult: 7.5-15 mg daily; pediatric: 0.125 mg/kg daily (selected indications),daily,adult/pediatric,79
MELOXICAM,CAPSULE,ORAL,10MG,MELOXICAM,NOVITIUM PHARMA LLC,"Mar 9, 2021",MELOXICAM||10MG||CAPSULE||ORAL,10 mg,adult: 7.5-15 mg daily; pediatric: 0.125 mg/kg daily (selected indications),daily,adult/pediatric,75
MELOXICAM,TABLET,ORAL,7.5MG **Federal Register determination that product was not discontinued or withdrawn for safety or effectiveness reasons**,MOBIC,BOEHRINGER INGELHEIM PHARMACEUTICALS INC,"Apr 13, 2000",MELOXICAM||7.5MG **Federal Register determination that product was not discontinued or withdrawn for safety or effectiveness reasons**||TABLET||ORAL,7.5 mg,adult: 7.5-15 mg daily; pediatric: 0.125 mg/kg daily (selected indications),daily,adult/pediatric,80
MELOXICAM,TABLET,ORAL,7.5MG,MELOXICAM,PURACAP PHARMACEUTICAL LLC,"Jul 19, 2006",MELOXICAM||7.5MG||TABLET||ORAL,7.5 mg,adult: 7.5-15 mg daily; pediatric: 0.125 mg/kg daily (selected indications),daily,adult/pediatric,79
MELOXICAM,TABLET,ORAL,7.5MG,MELOXICAM,CIPLA LTD,"Jul 19, 2006",MELOXICAM||7.5MG||TABLET||ORAL,7.5 mg,adult: 7.5-15 mg daily; pediatric: 0.125 mg/kg daily (selected indications),daily,adult/pediatric,79
MELOXICAM,"TABLET, ORALLY DISINTEGRATING",ORAL,15MG **Federal Register determination that product was not discontinued or withdrawn for safety or effectiveness reasons**,QMIIZ ODT,TERSERA THERAPEUTICS LLC,"Oct 19, 2018","MELOXICAM||15MG **Federal Register determination that product was not discontinued or withdrawn for safety or effectiveness reasons**||TABLET, ORALLY DISINTEGRATING||ORAL",15 mg,adult: 7.5-15 mg daily; pediatric: 0.125 mg/kg daily (selected indications),daily,adult/pediatric,77
MELOXICAM,TABLET,ORAL,15MG,MELOXICAM,UNICHEM LABORATORIES LTD,"Dec 20, 2006",MELOXICAM||15MG||TABLET||ORAL,15 mg,adult: 7.5-15 mg daily; pediatric: 0.125 mg/kg daily (selected indications),daily,adult/pediatric,76
MELOXICAM; RIZATRIPTAN BENZOATE,TABLET,ORAL,20MG; EQ 10MG BASE,SYMBRAVO,AXSOME THERAPEUTICS INC,"Jan 30, 2025",MELOXICAM; RIZATRIPTAN BENZOATE||20MG; EQ 10MG BASE||TABLET||ORAL,20 mg; eq 10 mg BASE,adult: 1 tablet at migraine onset,PRN; usually max 1 dose/24 h,adult,82
MELOXICAM,TABLET,ORAL,7.5MG,MELOXICAM,AIPING PHARMACEUTICAL INC,"Jul 19, 2006",MELOXICAM||7.5MG||TABLET||ORAL,7.5 mg,adult: 7.5-15 mg daily; pediatric: 0.125 mg/kg daily (selected indications),daily,adult/pediatric,79
MELOXICAM,TABLET,ORAL,7.5MG,MELOXICAM,IMPAX LABORATORIES INC,"Jul 19, 2006",MELOXICAM||7.5MG||TABLET||ORAL,7.5 mg,adult: 7.5-15 mg daily; pediatric: 0.125 mg/kg daily (selected indications),daily,adult/pediatric,79
MELOXICAM,TABLET,ORAL,7.5MG,MELOXICAM,COREPHARMA LLC,"Jul 20, 2006",MELOXICAM||7.5MG||TABLET||ORAL,7.5 mg,adult: 7.5-15 mg daily; pediatric: 0.125 mg/kg daily (selected indications),daily,adult/pediatric,79
BUPIVACAINE; MELOXICAM,"SOLUTION, EXTENDED RELEASE",PERIARTICULAR,60MG/2.3ML (29.25MG/ML); 1.8MG/2.3ML (0.88MG/ML),ZYNRELEF KIT,HERON THERAPEUTICS INC,"May 12, 2021","BUPIVACAINE; MELOXICAM||60MG/2.3ML (29.25MG/ML); 1.8MG/2.3ML (0.88MG/ML)||SOLUTION, EXTENDED RELEASE||PERIARTICULAR",60 mg/2.3 mL (29.25 mg/mL); 1.8 mg/2.3 mL (0.88 mg/mL),single-dose surgical-site infiltration by clinician; no repeat dosing,once,adult perioperative,37
MELOXICAM,TABLET,ORAL,15MG,MELOXICAM,COREPHARMA LLC,"Jul 20, 2006",MELOXICAM||15MG||TABLET||ORAL,15 mg,adult: 7.5-15 mg daily; pediatric: 0.125 mg/kg daily (selected indications),daily,adult/pediatric,76
MELOXICAM,CAPSULE,ORAL,5MG,MELOXICAM,NOVITIUM PHARMA LLC,"Mar 9, 2021",MELOXICAM||5MG||CAPSULE||ORAL,5 mg,adult: 7.5-15 mg daily; pediatric: 0.125 mg/kg daily (selected indications),daily,adult/pediatric,78
MELOXICAM,TABLET,ORAL,7.5MG,MELOXICAM,RISING PHARMA HOLDINGS INC,"Jul 25, 2006",MELOXICAM||7.5MG||TABLET||ORAL,7.5 mg,adult: 7.5-15 mg daily; pediatric: 0.125 mg/kg daily (selected indications),daily,adult/pediatric,79
MELOXICAM,TABLET,ORAL,7.5MG,MELOXICAM,CHINA RESOURCES DOUBLE CRANE PHARMACEUTICAL CO LTD,"Dec 14, 2006",MELOXICAM||7.5MG||TABLET||ORAL,7.5 mg,adult: 7.5-15 mg daily; pediatric: 0.125 mg/kg daily (selected indications),daily,adult/pediatric,79
MELOXICAM,SUSPENSION,ORAL,7.5MG/5ML,MELOXICAM,AVONDALE PHARMACEUTICALS LLC,"Jun 1, 2004",MELOXICAM||7.5MG/5ML||SUSPENSION||ORAL,7.5 mg/5 mL,adult: 7.5-15 mg daily; pediatric: 0.125 mg/kg daily (selected indications),daily,adult/pediatric,81
AMLODIPINE BESYLATE; CELECOXIB,TABLET,ORAL,EQ 10MG BASE; 200MG,CONSENSI,PURPLE BIOTECH LTD,"May 31, 2018",AMLODIPINE BESYLATE; CELECOXIB||EQ 10MG BASE; 200MG||TABLET||ORAL,eq 10 mg BASE; 200 mg,adult: 1 tablet daily,daily,adult,4
CELECOXIB,CAPSULE,ORAL,50MG,CELECOXIB,CSPC OUYI PHARMACEUTICAL CO LTD,"Jan 23, 2018",CELECOXIB||50MG||CAPSULE||ORAL,50 mg,adult: 100-200 mg once or twice daily; pediatric: 50-100 mg BID (selected indications),daily-BID,adult/pediatric,41
CELECOXIB,CAPSULE,ORAL,400MG,CELEBREX,UPJOHN US 2 LLC,"Aug 29, 2002",CELECOXIB||400MG||CAPSULE||ORAL,400 mg,adult: 100-200 mg once or twice daily; pediatric: 50-100 mg BID (selected indications),daily-BID,adult/pediatric,40
CELECOXIB,CAPSULE,ORAL,400MG,CELECOXIB,PANGEA PHARMACEUTICALS LLC,"Dec 9, 2020",CELECOXIB||400MG||CAPSULE||ORAL,400 mg,adult: 100-200 mg once or twice daily; pediatric: 50-100 mg BID (selected indications),daily-BID,adult/pediatric,40
CELECOXIB,CAPSULE,ORAL,400MG,CELECOXIB,WATSON LABORATORIES INC,"Feb 11, 2015",CELECOXIB||400MG||CAPSULE||ORAL,400 mg,adult: 100-200 mg once or twice daily; pediatric: 50-100 mg BID (selected indications),daily-BID,adult/pediatric,40
CELECOXIB,CAPSULE,ORAL,400MG,CELECOXIB,TEVA PHARMACEUTICALS USA INC,"May 30, 2014",CELECOXIB||400MG||CAPSULE||ORAL,400 mg,adult: 100-200 mg once or twice daily; pediatric: 50-100 mg BID (selected indications),daily-BID,adult/pediatric,40
CELECOXIB,CAPSULE,ORAL,100MG,CELECOXIB,MICRO LABS LTD,"Apr 30, 2018",CELECOXIB||100MG||CAPSULE||ORAL,100 mg,adult: 100-200 mg once or twice daily; pediatric: 50-100 mg BID (selected indications),daily-BID,adult/pediatric,38
CELECOXIB,CAPSULE,ORAL,200MG,CELECOXIB,LUPIN LTD,"Jun 9, 2015",CELECOXIB||200MG||CAPSULE||ORAL,200 mg,adult: 100-200 mg once or twice daily; pediatric: 50-100 mg BID (selected indications),daily-BID,adult/pediatric,39
CELECOXIB,CAPSULE,ORAL,200MG,CELECOXIB,UNICHEM LABORATORIES LTD,"Jan 12, 2021",CELECOXIB||200MG||CAPSULE||ORAL,200 mg,adult: 100-200 mg once or twice daily; pediatric: 50-100 mg BID (selected indications),daily-BID,adult/pediatric,39
CELECOXIB,CAPSULE,ORAL,50MG,CELECOXIB,LUPIN LTD,"Oct 29, 2014",CELECOXIB||50MG||CAPSULE||ORAL,50 mg,adult: 100-200 mg once or twice daily; pediatric: 50-100 mg BID (selected indications),daily-BID,adult/pediatric,41
CELECOXIB,CAPSULE,ORAL,50MG,CELECOXIB,JUBILANT GENERICS LTD,"Apr 4, 2017",CELECOXIB||50MG||CAPSULE||ORAL,50 mg,adult: 100-200 mg once or twice daily; pediatric: 50-100 mg BID (selected indications),daily-BID,adult/pediatric,41
CELECOXIB,CAPSULE,ORAL,200MG,CELECOXIB,MICRO LABS LTD,"Apr 30, 2018",CELECOXIB||200MG||CAPSULE||ORAL,200 mg,adult: 100-200 mg once or twice daily; pediatric: 50-100 mg BID (selected indications),daily-BID,adult/pediatric,39
CELECOXIB; TRAMADOL HYDROCHLORIDE,TABLET,ORAL,56MG; 44MG,SEGLENTIS,KOWA PHARMACEUTICALS AMERICA INC,"Oct 15, 2021",CELECOXIB; TRAMADOL HYDROCHLORIDE||56MG; 44MG||TABLET||ORAL,56 mg; 44 mg,adult: 2 tablets per dose,q12h,adult,42
CELECOXIB,CAPSULE,ORAL,50MG,CELECOXIB,PHARMOBEDIENT CONSULTING LLC,"May 30, 2014",CELECOXIB||50MG||CAPSULE||ORAL,50 mg,adult: 100-200 mg once or twice daily; pediatric: 50-100 mg BID (selected indications),daily-BID,adult/pediatric,41
CELECOXIB,CAPSULE,ORAL,50MG,CELECOXIB,TORRENT PHARMACEUTICALS LTD,"Dec 23, 2015",CELECOXIB||50MG||CAPSULE||ORAL,50 mg,adult: 100-200 mg once or twice daily; pediatric: 50-100 mg BID (selected indications),daily-BID,adult/pediatric,41
CELECOXIB; TRAMADOL HYDROCHLORIDE,TABLET,ORAL,56MG; 44MG,SEGLENTIS,KOWA PHARMACEUTICALS AMERICA INC,"Oct 15, 2021",CELECOXIB; TRAMADOL HYDROCHLORIDE||56MG; 44MG||TABLET||ORAL,56 mg; 44 mg,adult: 2 tablets per dose,q12h,adult,42
CELECOXIB,CAPSULE,ORAL,200MG,CELECOXIB,WATSON LABORATORIES INC,"Feb 11, 2015",CELECOXIB||200MG||CAPSULE||ORAL,200 mg,adult: 100-200 mg once or twice daily; pediatric: 50-100 mg BID (selected indications),daily-BID,adult/pediatric,39
CELECOXIB,CAPSULE,ORAL,50MG,CELECOXIB,AMNEAL PHARMACEUTICALS OF NEW YORK LLC,"May 31, 2018",CELECOXIB||50MG||CAPSULE||ORAL,50 mg,adult: 100-200 mg once or twice daily; pediatric: 50-100 mg BID (selected indications),daily-BID,adult/pediatric,41
CELECOXIB,CAPSULE,ORAL,400MG,CELECOXIB,SCIEGEN PHARMACEUTICALS INC,"Dec 3, 2020",CELECOXIB||400MG||CAPSULE||ORAL,400 mg,adult: 100-200 mg once or twice daily; pediatric: 50-100 mg BID (selected indications),daily-BID,adult/pediatric,40
CELECOXIB,CAPSULE,ORAL,200MG,CELECOXIB,CADILA PHARMACEUTICALS LTD,"Nov 14, 2019",CELECOXIB||200MG||CAPSULE||ORAL,200 mg,adult: 100-200 mg once or twice daily; pediatric: 50-100 mg BID (selected indications),daily-BID,adult/pediatric,39
DICLOFENAC SODIUM,"TABLET, DELAYED RELEASE",ORAL,75MG,DICLOFENAC SODIUM,MICRO LABS LTD,"Feb 26, 1999","DICLOFENAC SODIUM||75MG||TABLET, DELAYED RELEASE||ORAL",75 mg,adult: 25-75 mg per dose,BID-TID,adult,52
DICLOFENAC SODIUM; MISOPROSTOL,"TABLET, DELAYED RELEASE",ORAL,75MG; 0.2MG,DICLOFENAC SODIUM AND MISOPROSTOL,YUNG SHIN PHARMACEUTICAL INDUSTRIAL CO LTD,"Feb 19, 2020","DICLOFENAC SODIUM; MISOPROSTOL||75MG; 0.2MG||TABLET, DELAYED RELEASE||ORAL",75 mg; 0.2 mg,adult: 1 tablet per dose,BID-TID,adult,55
DICLOFENAC SODIUM,SOLUTION/DROPS,OPHTHALMIC,0.1%,DICLOFENAC SODIUM,FALCON PHARMACEUTICALS LTD,"May 4, 1998",DICLOFENAC SODIUM||0.1%||SOLUTION/DROPS||OPHTHALMIC,0.1 %,adult: 1 drop in affected eye,QID,adult,46
DICLOFENAC SODIUM; MISOPROSTOL,"TABLET, DELAYED RELEASE",ORAL,75MG; 0.2MG,ARTHROTEC,PFIZER INC,"Dec 24, 1997","DICLOFENAC SODIUM; MISOPROSTOL||75MG; 0.2MG||TABLET, DELAYED RELEASE||ORAL",75 mg; 0.2 mg,adult: 1 tablet per dose,BID-TID,adult,55
DICLOFENAC SODIUM; MISOPROSTOL,"TABLET, DELAYED RELEASE",ORAL,50MG; 0.2MG,ARTHROTEC,PFIZER INC,"Dec 24, 1997","DICLOFENAC SODIUM; MISOPROSTOL||50MG; 0.2MG||TABLET, DELAYED RELEASE||ORAL",50 mg; 0.2 mg,adult: 1 tablet per dose,BID-TID,adult,54
DICLOFENAC SODIUM,"TABLET, DELAYED RELEASE",ORAL,75MG,DICLOFENAC SODIUM,UMEDICA LABORATORIES PRIVATE LTD,"Nov 5, 2025","DICLOFENAC SODIUM||75MG||TABLET, DELAYED RELEASE||ORAL",75 mg,adult: 25-75 mg per dose,BID-TID,adult,52
DICLOFENAC SODIUM,SOLUTION/DROPS,OPHTHALMIC,0.1%,DICLOFENAC SODIUM,RISING PHARMA HOLDINGS INC,"Dec 28, 2007",DICLOFENAC SODIUM||0.1%||SOLUTION/DROPS||OPHTHALMIC,0.1 %,adult: 1 drop in affected eye,QID,adult,46
DICLOFENAC SODIUM,"TABLET, DELAYED RELEASE",ORAL,50MG,DICLOFENAC SODIUM,TEVA PHARMACEUTICALS USA,"Jun 25, 1997","DICLOFENAC SODIUM||50MG||TABLET, DELAYED RELEASE||ORAL",50 mg,adult: 25-75 mg per dose,BID-TID,adult,51
DICLOFENAC SODIUM,SOLUTION,TOPICAL,1.5%,DICLOFENAC SODIUM,SUN PHARMA CANADA INC,"Nov 26, 2014",DICLOFENAC SODIUM||1.5%||SOLUTION||TOPICAL,1.5 %,adult: 40 drops to each affected knee,QID,adult,47
DICLOFENAC SODIUM,GEL,TOPICAL,3%,DICLOFENAC SODIUM,ACTAVIS MID ATLANTIC LLC,"Dec 2, 2015",DICLOFENAC SODIUM||3%||GEL||TOPICAL,3 %,adult: apply thin layer to lesion/affected area,BID,adult,50
DICLOFENAC SODIUM,SOLUTION,TOPICAL,2%,DICLOFENAC SODIUM,LUPIN PHARMACEUTICALS INC,"Sep 20, 2022",DICLOFENAC SODIUM||2%||SOLUTION||TOPICAL,2 %,adult: 2 pumps to each affected knee,BID,adult,48
DICLOFENAC SODIUM,"TABLET, DELAYED RELEASE",ORAL,50MG,DICLOFENAC SODIUM,AUROBINDO PHARMA USA INC,"Feb 12, 2002","DICLOFENAC SODIUM||50MG||TABLET, DELAYED RELEASE||ORAL",50 mg,adult: 25-75 mg per dose,BID-TID,adult,51
DICLOFENAC SODIUM,"TABLET, DELAYED RELEASE",ORAL,25MG,DICLOFENAC SODIUM,CHARTWELL RX SCIENCES LLC,"Sep 28, 1995","DICLOFENAC SODIUM||25MG||TABLET, DELAYED RELEASE||ORAL",25 mg,adult: 25-75 mg per dose,BID-TID,adult,49
DICLOFENAC SODIUM,"TABLET, DELAYED RELEASE",ORAL,50MG,DICLOFENAC SODIUM,UMEDICA LABORATORIES PRIVATE LTD,"Nov 5, 2025","DICLOFENAC SODIUM||50MG||TABLET, DELAYED RELEASE||ORAL",50 mg,adult: 25-75 mg per dose,BID-TID,adult,51
DICLOFENAC SODIUM,"TABLET, DELAYED RELEASE",ORAL,75MG **Federal Register determination that product was not discontinued or withdrawn for safety or effectiveness reasons**,VOLTAREN,NOVARTIS PHARMACEUTICALS CORP,"Jul 28, 1988","DICLOFENAC SODIUM||75MG **Federal Register determination that product was not discontinued or withdrawn for safety or effectiveness reasons**||TABLET, DELAYED RELEASE||ORAL",75 mg,adult: 25-75 mg per dose,BID-TID,adult,53
DICLOFENAC SODIUM,GEL,TOPICAL,3%,DICLOFENAC SODIUM,SUN PHARMA CANADA INC,"Apr 28, 2016",DICLOFENAC SODIUM||3%||GEL||TOPICAL,3 %,adult: apply thin layer to lesion/affected area,BID,adult,50
DICLOFENAC SODIUM,"TABLET, DELAYED RELEASE",ORAL,50MG,DICLOFENAC SODIUM,CHARTWELL RX SCIENCES LLC,"Sep 28, 1995","DICLOFENAC SODIUM||50MG||TABLET, DELAYED RELEASE||ORAL",50 mg,adult: 25-75 mg per dose,BID-TID,adult,51
DICLOFENAC SODIUM,"TABLET, DELAYED RELEASE",ORAL,50MG,DICLOFENAC SODIUM,MICRO LABS LTD,"Feb 26, 1999","DICLOFENAC SODIUM||50MG||TABLET, DELAYED RELEASE||ORAL",50 mg,adult: 25-75 mg per dose,BID-TID,adult,51
DICLOFENAC SODIUM,SOLUTION,TOPICAL,1.5%,DICLOFENAC SODIUM,ZYDUS LIFESCIENCES LTD,"Apr 17, 2018",DICLOFENAC SODIUM||1.5%||SOLUTION||TOPICAL,1.5 %,adult: 40 drops to each affected knee,QID,adult,47
DICLOFENAC SODIUM,"TABLET, DELAYED RELEASE",ORAL,50MG,DICLOFENAC SODIUM,CARLSBAD TECHNOLOGY INC,"Nov 13, 1998","DICLOFENAC SODIUM||50MG||TABLET, DELAYED RELEASE||ORAL",50 mg,adult: 25-75 mg per dose,BID-TID,adult,51
NAPROXEN SODIUM; SUMATRIPTAN SUCCINATE,TABLET,ORAL,60MG; EQ 10MG BASE,TREXIMET,CURRAX PHARMACEUTICALS LLC,"May 14, 2015",NAPROXEN SODIUM; SUMATRIPTAN SUCCINATE||60MG; EQ 10MG BASE||TABLET||ORAL,60 mg; eq 10 mg BASE,adult/adolescent >=12: 1 tablet at migraine onset; may repeat once after 2 h in selected labeling,PRN,adult/adolescent >=12,99
NAPROXEN SODIUM; SUMATRIPTAN SUCCINATE,TABLET,ORAL,60MG; EQ 10MG BASE,TREXIMET,CURRAX PHARMACEUTICALS LLC,"May 14, 2015",NAPROXEN SODIUM; SUMATRIPTAN SUCCINATE||60MG; EQ 10MG BASE||TABLET||ORAL,60 mg; eq 10 mg BASE,adult/adolescent >=12: 1 tablet at migraine onset; may repeat once after 2 h in selected labeling,PRN,adult/adolescent >=12,99
NAPROXEN,TABLET,ORAL,500MG,NAPROXEN,GLENMARK PHARMACEUTICALS LTD,"Mar 28, 2007",NAPROXEN||500MG||TABLET||ORAL,500 mg,adult: 250-500 mg per dose,BID,adult,94
NAPROXEN,SUSPENSION,ORAL,25MG/ML,NAPROXEN,HETERO LABS LTD UNIT III,"Jun 7, 2022",NAPROXEN||25MG/ML||SUSPENSION||ORAL,25 mg/mL,adult: 250-500 mg BID; pediatric: 10 mg/kg/day divided BID,BID,adult/pediatric,91
DIPHENHYDRAMINE HYDROCHLORIDE; NAPROXEN SODIUM,TABLET,ORAL,25MG; 220MG,NAPROXEN SODIUM AND DIPHENHYDRAMINE HYDROCHLORIDE,P AND L DEVELOPMENT LLC,"Jan 25, 2019",DIPHENHYDRAMINE HYDROCHLORIDE; NAPROXEN SODIUM||25MG; 220MG||TABLET||ORAL,25 mg; 220 mg,adult/adolescent >=12: 2 tablets at bedtime,nightly PRN,adult/adolescent >=12,57
NAPROXEN SODIUM,TABLET,ORAL,220MG,NAPROXEN SODIUM,GRANULES INDIA LTD,"Sep 20, 2011",NAPROXEN SODIUM||220MG||TABLET||ORAL,220 mg,adult/adolescent >=12: 220-550 mg per dose,q8-12h PRN,adult/adolescent >=12,95
NAPROXEN SODIUM,TABLET,ORAL,EQ 250MG BASE,NAPROXEN SODIUM,SANDOZ INC,"Dec 5, 1994",NAPROXEN SODIUM||EQ 250MG BASE||TABLET||ORAL,eq 250 mg BASE,adult/adolescent >=12: 220-550 mg per dose,q8-12h PRN,adult/adolescent >=12,97
ESOMEPRAZOLE MAGNESIUM; NAPROXEN,"TABLET, DELAYED RELEASE",ORAL,EQ 20MG BASE; 375MG,NAPROXEN AND ESOMEPRAZOLE MAGNESIUM,ACTAVIS LABORATORIES FL INC,"Aug 24, 2022","ESOMEPRAZOLE MAGNESIUM; NAPROXEN||EQ 20MG BASE; 375MG||TABLET, DELAYED RELEASE||ORAL",eq 20 mg BASE; 375 mg,"adult: 1 tablet per dose, at least 30 min before meals",BID,adult,58
NAPROXEN,TABLET,ORAL,375MG,NAPROXEN,AUROBINDO PHARMA LTD,"Nov 8, 2011",NAPROXEN||375MG||TABLET||ORAL,375 mg,adult: 250-500 mg per dose,BID,adult,92
NAPROXEN,TABLET,ORAL,375MG,NAPROXEN,IVAX PHARMACEUTICALS INC SUB TEVA PHARMACEUTICALS USA,"Feb 28, 1995",NAPROXEN||375MG||TABLET||ORAL,375 mg,adult: 250-500 mg per dose,BID,adult,92
NAPROXEN,SUSPENSION,ORAL,25MG/ML,NAPROXEN,AUROBINDO PHARMA LTD,"Oct 3, 2025",NAPROXEN||25MG/ML||SUSPENSION||ORAL,25 mg/mL,adult: 250-500 mg BID; pediatric: 10 mg/kg/day divided BID,BID,adult/pediatric,91
NAPROXEN SODIUM,TABLET,ORAL,EQ 500MG BASE,NAPROXEN SODIUM,IVAX PHARMACEUTICALS INC SUB TEVA PHARMACEUTICALS USA,"Mar 14, 1995",NAPROXEN SODIUM||EQ 500MG BASE||TABLET||ORAL,eq 500 mg BASE,adult/adolescent >=12: 220-550 mg per dose,q8-12h PRN,adult/adolescent >=12,98
NAPROXEN SODIUM,TABLET,ORAL,EQ 500MG BASE,NAPROXEN SODIUM,DR REDDYS LABORATORIES LTD,"Jul 26, 2007",NAPROXEN SODIUM||EQ 500MG BASE||TABLET||ORAL,eq 500 mg BASE,adult/adolescent >=12: 220-550 mg per dose,q8-12h PRN,adult/adolescent >=12,98
DIPHENHYDRAMINE HYDROCHLORIDE; NAPROXEN SODIUM,TABLET,ORAL,25MG; 220MG,NAPROXEN SODIUM AND DIPHENHYDRAMINE HYDROCHLORIDE,COREPHARMA LLC,"Aug 22, 2019",DIPHENHYDRAMINE HYDROCHLORIDE; NAPROXEN SODIUM||25MG; 220MG||TABLET||ORAL,25 mg; 220 mg,adult/adolescent >=12: 2 tablets at bedtime,nightly PRN,adult/adolescent >=12,57
NAPROXEN,TABLET,ORAL,375MG,NAPROXEN,TEVA PHARMACEUTICALS USA,"Dec 21, 1993",NAPROXEN||375MG||TABLET||ORAL,375 mg,adult: 250-500 mg per dose,BID,adult,92
NAPROXEN,"TABLET, DELAYED RELEASE",ORAL,375MG,NAPROXEN,NUVO PHAMACEUTICALS INC,"Sep 19, 2011","NAPROXEN||375MG||TABLET, DELAYED RELEASE||ORAL",375 mg,adult: 250-500 mg per dose,BID,adult,93
NAPROXEN SODIUM,TABLET,ORAL,EQ 250MG BASE,NAPROXEN SODIUM,PUREPAC PHARMACEUTICAL CO,"Mar 20, 1995",NAPROXEN SODIUM||EQ 250MG BASE||TABLET||ORAL,eq 250 mg BASE,adult/adolescent >=12: 220-550 mg per dose,q8-12h PRN,adult/adolescent >=12,97
NAPROXEN SODIUM,CAPSULE,ORAL,EQ 200MG BASE,NAPROXEN SODIUM,PATHEON SOFTGELS BV,"Jan 10, 2023",NAPROXEN SODIUM||EQ 200MG BASE||CAPSULE||ORAL,eq 200 mg BASE,adult/adolescent >=12: 220-550 mg per dose,q8-12h PRN,adult/adolescent >=12,96
NAPROXEN,TABLET,ORAL,500MG,NAPROXEN,AMNEAL PHARMACEUTICALS NY LLC,"Dec 18, 2001",NAPROXEN||500MG||TABLET||ORAL,500 mg,adult: 250-500 mg per dose,BID,adult,94
NAPROXEN SODIUM,TABLET,ORAL,EQ 250MG BASE,NAPROXEN SODIUM,WATSON LABORATORIES INC,"Dec 21, 1993",NAPROXEN SODIUM||EQ 250MG BASE||TABLET||ORAL,eq 250 mg BASE,adult/adolescent >=12: 220-550 mg per dose,q8-12h PRN,adult/adolescent >=12,97
TRAMADOL HYDROCHLORIDE,TABLET,ORAL,50MG,TRAMADOL HYDROCHLORIDE,SUN PHARMACEUTICAL INDUSTRIES INC,"Jun 19, 2002",TRAMADOL HYDROCHLORIDE||50MG||TABLET||ORAL,50 mg,adult: 50-100 mg per dose,q4-6h PRN,adult,105
TRAMADOL HYDROCHLORIDE,"TABLET, EXTENDED RELEASE",ORAL,100MG,TRAMADOL HYDROCHLORIDE,MACLEODS PHARMACEUTICALS LTD,"Jan 31, 2025","TRAMADOL HYDROCHLORIDE||100MG||TABLET, EXTENDED RELEASE||ORAL",100 mg,adult: 100-300 mg daily,daily,adult,101
TRAMADOL HYDROCHLORIDE,"TABLET, EXTENDED RELEASE",ORAL,300MG,TRAMADOL HYDROCHLORIDE,SUN PHARMACEUTICAL INDUSTRIES LTD,"Dec 7, 2011","TRAMADOL HYDROCHLORIDE||300MG||TABLET, EXTENDED RELEASE||ORAL",300 mg,adult: 100-300 mg daily,daily,adult,104
TRAMADOL HYDROCHLORIDE,"TABLET, EXTENDED RELEASE",ORAL,200MG **Federal Register determination that product was not discontinued or withdrawn for safety or effectiveness reasons**,RYZOLT,PURDUE PHARMA PRODUCTS LP,"Dec 30, 2008","TRAMADOL HYDROCHLORIDE||200MG **Federal Register determination that product was not discontinued or withdrawn for safety or effectiveness reasons**||TABLET, EXTENDED RELEASE||ORAL",200 mg,adult: 100-300 mg daily,daily,adult,103
TRAMADOL HYDROCHLORIDE,TABLET,ORAL,50MG,TRAMADOL HYDROCHLORIDE,RUBICON RESEARCH LTD,"Jun 28, 2019",TRAMADOL HYDROCHLORIDE||50MG||TABLET||ORAL,50 mg,adult: 50-100 mg per dose,q4-6h PRN,adult,105
ACETAMINOPHEN; TRAMADOL HYDROCHLORIDE,TABLET,ORAL,325MG; 37.5MG,TRAMADOL HYDROCHLORIDE AND ACETAMINOPHEN,CHARTWELL RX SCIENCES LLC,"Apr 21, 2005",ACETAMINOPHEN; TRAMADOL HYDROCHLORIDE||325MG; 37.5MG||TABLET||ORAL,325 mg; 37.5 mg,adult: 2 tablets per dose; max 8 tablets/day,q4-6h PRN,adult,3
TRAMADOL HYDROCHLORIDE,TABLET,ORAL,100MG,TRAMADOL HYDROCHLORIDE,GRAVITI PHARMACEUTICALS PRIVATE LTD,"Aug 2, 2024",TRAMADOL HYDROCHLORIDE||100MG||TABLET||ORAL,100 mg,adult: 50-100 mg per dose,q4-6h PRN,adult,100
TRAMADOL HYDROCHLORIDE,"TABLET, ORALLY DISINTEGRATING",ORAL,50MG,RYBIX ODT,SHIONOGI INC,"May 5, 2005","TRAMADOL HYDROCHLORIDE||50MG||TABLET, ORALLY DISINTEGRATING||ORAL",50 mg,adult: 50-100 mg per dose,q4-6h PRN,adult,106
TRAMADOL HYDROCHLORIDE,TABLET,ORAL,75MG,TRAMADOL HYDROCHLORIDE,RUBICON RESEARCH LTD,"Apr 4, 2024",TRAMADOL HYDROCHLORIDE||75MG||TABLET||ORAL,75 mg,adult: 50-100 mg per dose,q4-6h PRN,adult,107
TRAMADOL HYDROCHLORIDE,"TABLET, EXTENDED RELEASE",ORAL,200MG,TRAMADOL HYDROCHLORIDE,LUPIN LTD,"Aug 29, 2011","TRAMADOL HYDROCHLORIDE||200MG||TABLET, EXTENDED RELEASE||ORAL",200 mg,adult: 100-300 mg daily,daily,adult,102
TRAMADOL HYDROCHLORIDE,TABLET,ORAL,50MG,TRAMADOL HYDROCHLORIDE,UNICHEM LABORATORIES LTD,"Aug 9, 2019",TRAMADOL HYDROCHLORIDE||50MG||TABLET||ORAL,50 mg,adult: 50-100 mg per dose,q4-6h PRN,adult,105
TRAMADOL HYDROCHLORIDE,TABLET,ORAL,50MG,TRAMADOL HYDROCHLORIDE,IPCA LABORATORIES LTD,"Nov 16, 2012",TRAMADOL HYDROCHLORIDE||50MG||TABLET||ORAL,50 mg,adult: 50-100 mg per dose,q4-6h PRN,adult,105
TRAMADOL HYDROCHLORIDE,TABLET,ORAL,50MG,TRAMADOL HYDROCHLORIDE,SENORES PHARMACEUTICALS INC,"Jan 31, 2011",TRAMADOL HYDROCHLORIDE||50MG||TABLET||ORAL,50 mg,adult: 50-100 mg per dose,q4-6h PRN,adult,105
TRAMADOL HYDROCHLORIDE,"TABLET, EXTENDED RELEASE",ORAL,200MG,TRAMADOL HYDROCHLORIDE,MYLAN PHARMACEUTICALS INC,"Dec 22, 2015","TRAMADOL HYDROCHLORIDE||200MG||TABLET, EXTENDED RELEASE||ORAL",200 mg,adult: 100-300 mg daily,daily,adult,102
TRAMADOL HYDROCHLORIDE,"TABLET, EXTENDED RELEASE",ORAL,100MG,TRAMADOL HYDROCHLORIDE,MACLEODS PHARMACEUTICALS LTD,"Jan 31, 2025","TRAMADOL HYDROCHLORIDE||100MG||TABLET, EXTENDED RELEASE||ORAL",100 mg,adult: 100-300 mg daily,daily,adult,101
ACETAMINOPHEN; TRAMADOL HYDROCHLORIDE,TABLET,ORAL,325MG; 37.5MG,TRAMADOL HYDROCHLORIDE AND ACETAMINOPHEN,MACLEODS PHARMACEUTICALS LTD,"May 2, 2017",ACETAMINOPHEN; TRAMADOL HYDROCHLORIDE||325MG; 37.5MG||TABLET||ORAL,325 mg; 37.5 mg,adult: 2 tablets per dose; max 8 tablets/day,q4-6h PRN,adult,3
TRAMADOL HYDROCHLORIDE,TABLET,ORAL,50MG,TRAMADOL HYDROCHLORIDE,PLIVA INC,"Jul 1, 2002",TRAMADOL HYDROCHLORIDE||50MG||TABLET||ORAL,50 mg,adult: 50-100 mg per dose,q4-6h PRN,adult,105
TRAMADOL HYDROCHLORIDE,TABLET,ORAL,50MG,TRAMADOL HYDROCHLORIDE,SUN PHARMACEUTICAL INDUSTRIES INC,"Jun 20, 2002",TRAMADOL HYDROCHLORIDE||50MG||TABLET||ORAL,50 mg,adult: 50-100 mg per dose,q4-6h PRN,adult,105
TRAMADOL HYDROCHLORIDE,"TABLET, EXTENDED RELEASE",ORAL,300MG,TRAMADOL HYDROCHLORIDE,STRIDES PHARMA INTERNATIONAL AG,"Sep 20, 2011","TRAMADOL HYDROCHLORIDE||300MG||TABLET, EXTENDED RELEASE||ORAL",300 mg,adult: 100-300 mg daily,daily,adult,104
TRAMADOL HYDROCHLORIDE,TABLET,ORAL,50MG,TRAMADOL HYDROCHLORIDE,STRIDES PHARMA GLOBAL PTE LTD,"Nov 28, 2011",TRAMADOL HYDROCHLORIDE||50MG||TABLET||ORAL,50 mg,adult: 50-100 mg per dose,q4-6h PRN,adult,105
GUAIFENESIN; HYDROCODONE BITARTRATE,SOLUTION,ORAL,200MG/5ML; 2.5MG/5ML,FLOWTUSS,CHARTWELL RX SCIENCES LLC,"May 14, 2015",GUAIFENESIN; HYDROCODONE BITARTRATE||200MG/5ML; 2.5MG/5ML||SOLUTION||ORAL,200 mg/5 mL; 2.5 mg/5 mL,adult: 5 mL per dose,q4-6h PRN,adult,62
DEXTROMETHORPHAN HYDROBROMIDE; GUAIFENESIN,"TABLET, EXTENDED RELEASE",ORAL,60MG; 1.2GM,GUAIFENESIN AND DEXTROMETHORPHAN HYDROBROMIDE,SUN PHARMACEUTICAL INDUSTRIES LTD,"Jul 1, 2021","DEXTROMETHORPHAN HYDROBROMIDE; GUAIFENESIN||60MG; 1.2GM||TABLET, EXTENDED RELEASE||ORAL",60 mg; 1.2 g,adult/adolescent >=12: 1-2 ER tablets per dose,q12h,adult/adolescent >=12,45
DEXTROMETHORPHAN HYDROBROMIDE; GUAIFENESIN,"TABLET, EXTENDED RELEASE",ORAL,30MG; 600MG,GUAIFENESIN AND DEXTROMETHORPHAN HYDROBROMIDE,PERRIGO R AND D CO,"Mar 5, 2018","DEXTROMETHORPHAN HYDROBROMIDE; GUAIFENESIN||30MG; 600MG||TABLET, EXTENDED RELEASE||ORAL",30 mg; 600 mg,adult/adolescent >=12: 1-2 ER tablets per dose,q12h,adult/adolescent >=12,44
GUAIFENESIN,"TABLET, EXTENDED RELEASE",ORAL,1.2GM,GUAIFENESIN,GRANULES INDIA LTD,"May 8, 2020","GUAIFENESIN||1.2GM||TABLET, EXTENDED RELEASE||ORAL",1.2 g,adult/adolescent >=12: 600-1200 mg per dose,q12h,adult/adolescent >=12,60
GUAIFENESIN; PSEUDOEPHEDRINE HYDROCHLORIDE,"TABLET, EXTENDED RELEASE",ORAL,1.2GM; 120MG,GUAIFENESIN AND PSEUDOEPHEDRINE HYDROCHLORIDE,ACTAVIS LABORATORIES FL INC AN INDIRECT WHOLLY OWNED SUB OF TEVA PHARMACEUTICALS USA INC,"May 27, 2015","GUAIFENESIN; PSEUDOEPHEDRINE HYDROCHLORIDE||1.2GM; 120MG||TABLET, EXTENDED RELEASE||ORAL",1.2 g; 120 mg,adult/adolescent >=12: 1 ER tablet per dose,q12h,adult/adolescent >=12,63
DEXTROMETHORPHAN HYDROBROMIDE; GUAIFENESIN,"TABLET, EXTENDED RELEASE",ORAL,60MG; 1.2GM,GUAIFENESIN AND DEXTROMETHORPHAN HYDROBROMIDE,AUROBINDO PHARMA LTD,"Mar 17, 2017","DEXTROMETHORPHAN HYDROBROMIDE; GUAIFENESIN||60MG; 1.2GM||TABLET, EXTENDED RELEASE||ORAL",60 mg; 1.2 g,adult/adolescent >=12: 1-2 ER tablets per dose,q12h,adult/adolescent >=12,45
GUAIFENESIN,"TABLET, EXTENDED RELEASE",ORAL,1.2GM,GUAIFENESIN,OHM LABORATORIES INC,"Jul 16, 2018","GUAIFENESIN||1.2GM||TABLET, EXTENDED RELEASE||ORAL",1.2 g,adult/adolescent >=12: 600-1200 mg per dose,q12h,adult/adolescent >=12,60
GUAIFENESIN,"TABLET, EXTENDED RELEASE",ORAL,1.2GM,MUCINEX,RB HEALTH US LLC,"Dec 18, 2002","GUAIFENESIN||1.2GM||TABLET, EXTENDED RELEASE||ORAL",1.2 g,adult/adolescent >=12: 600-1200 mg per dose,q12h,adult/adolescent >=12,60
GUAIFENESIN; PSEUDOEPHEDRINE HYDROCHLORIDE,"TABLET, EXTENDED RELEASE",ORAL,1.2GM; 120MG,GUAIFENESIN AND PSEUDOEPHEDRINE HYDROCHLORIDE,AUROBINDO PHARMA LTD,"Mar 25, 2020","GUAIFENESIN; PSEUDOEPHEDRINE HYDROCHLORIDE||1.2GM; 120MG||TABLET, EXTENDED RELEASE||ORAL",1.2 g; 120 mg,adult/adolescent >=12: 1 ER tablet per dose,q12h,adult/adolescent >=12,63
DEXTROMETHORPHAN HYDROBROMIDE; GUAIFENESIN,"TABLET, EXTENDED RELEASE",ORAL,60MG; 1.2GM,GUAIFENESIN AND DEXTROMETHORPHAN HYDROBROMIDE,AUROBINDO PHARMA LTD,"Mar 17, 2017","DEXTROMETHORPHAN HYDROBROMIDE; GUAIFENESIN||60MG; 1.2GM||TABLET, EXTENDED RELEASE||ORAL",60 mg; 1.2 g,adult/adolescent >=12: 1-2 ER tablets per dose,q12h,adult/adolescent >=12,45
GUAIFENESIN; HYDROCODONE BITARTRATE,SOLUTION,ORAL,200MG/5ML; 2.5MG/5ML,OBREDON,SOVEREIGN PHARMACEUTICALS LLC,"Nov 14, 2014",GUAIFENESIN; HYDROCODONE BITARTRATE||200MG/5ML; 2.5MG/5ML||SOLUTION||ORAL,200 mg/5 mL; 2.5 mg/5 mL,adult: 5 mL per dose,q4-6h PRN,adult,62
GUAIFENESIN; PSEUDOEPHEDRINE HYDROCHLORIDE,"TABLET, EXTENDED RELEASE",ORAL,1.2GM; 120MG,GUAIFENESIN AND PSEUDOEPHEDRINE HYDROCHLORIDE,SUN PHARMACEUTICAL INDUSTRIES INC,"Apr 28, 2020","GUAIFENESIN; PSEUDOEPHEDRINE HYDROCHLORIDE||1.2GM; 120MG||TABLET, EXTENDED RELEASE||ORAL",1.2 g; 120 mg,adult/adolescent >=12: 1 ER tablet per dose,q12h,adult/adolescent >=12,63
DEXTROMETHORPHAN HYDROBROMIDE; GUAIFENESIN,"TABLET, EXTENDED RELEASE",ORAL,30MG; 600MG,GUAIFENESIN AND DEXTROMETHORPHAN HYDROBROMIDE,ACTAVIS LABORATORIES FL INC AN INDIRECT WHOLLY OWNED SUB OF TEVA PHARMACEUTICALS USA INC,"Aug 31, 2015","DEXTROMETHORPHAN HYDROBROMIDE; GUAIFENESIN||30MG; 600MG||TABLET, EXTENDED RELEASE||ORAL",30 mg; 600 mg,adult/adolescent >=12: 1-2 ER tablets per dose,q12h,adult/adolescent >=12,44
GUAIFENESIN,"TABLET, EXTENDED RELEASE",ORAL,1.2GM,GUAIFENESIN,AMNEAL PHARMACEUTICALS OF NEW YORK LLC,"Jul 11, 2018","GUAIFENESIN||1.2GM||TABLET, EXTENDED RELEASE||ORAL",1.2 g,adult/adolescent >=12: 600-1200 mg per dose,q12h,adult/adolescent >=12,60
GUAIFENESIN,"TABLET, EXTENDED RELEASE",ORAL,600MG,GUAIFENESIN,GRANULES INDIA LTD,"May 8, 2020","GUAIFENESIN||600MG||TABLET, EXTENDED RELEASE||ORAL",600 mg,adult/adolescent >=12: 600-1200 mg per dose,q12h,adult/adolescent >=12,61
DEXTROMETHORPHAN HYDROBROMIDE; GUAIFENESIN,"TABLET, EXTENDED RELEASE",ORAL,60MG; 1.2GM,GUAIFENESIN AND DEXTROMETHORPHAN HYDROBROMIDE,SUN PHARMACEUTICAL INDUSTRIES LTD,"Jul 1, 2021","DEXTROMETHORPHAN HYDROBROMIDE; GUAIFENESIN||60MG; 1.2GM||TABLET, EXTENDED RELEASE||ORAL",60 mg; 1.2 g,adult/adolescent >=12: 1-2 ER tablets per dose,q12h,adult/adolescent >=12,45
DEXTROMETHORPHAN HYDROBROMIDE; GUAIFENESIN,"TABLET, EXTENDED RELEASE",ORAL,60MG; 1.2GM,MUCINEX DM,RB HEALTH US LLC,"Apr 29, 2004","DEXTROMETHORPHAN HYDROBROMIDE; GUAIFENESIN||60MG; 1.2GM||TABLET, EXTENDED RELEASE||ORAL",60 mg; 1.2 g,adult/adolescent >=12: 1-2 ER tablets per dose,q12h,adult/adolescent >=12,45
GUAIFENESIN,"TABLET, EXTENDED RELEASE",ORAL,1.2GM,GUAIFENESIN,AUROBINDO PHARMA LTD,"Oct 21, 2019","GUAIFENESIN||1.2GM||TABLET, EXTENDED RELEASE||ORAL",1.2 g,adult/adolescent >=12: 600-1200 mg per dose,q12h,adult/adolescent >=12,60
DEXTROMETHORPHAN HYDROBROMIDE; GUAIFENESIN,"TABLET, EXTENDED RELEASE",ORAL,30MG; 600MG,GUAIFENESIN AND DEXTROMETHORPHAN HYDROBROMIDE,AMNEAL PHARMACEUTICALS OF NEW YORK LLC,"Nov 1, 2018","DEXTROMETHORPHAN HYDROBROMIDE; GUAIFENESIN||30MG; 600MG||TABLET, EXTENDED RELEASE||ORAL",30 mg; 600 mg,adult/adolescent >=12: 1-2 ER tablets per dose,q12h,adult/adolescent >=12,44
GUAIFENESIN; PSEUDOEPHEDRINE HYDROCHLORIDE,"TABLET, EXTENDED RELEASE",ORAL,600MG; 60MG,MUCINEX D,RB HEALTH US LLC,"Jun 22, 2004","GUAIFENESIN; PSEUDOEPHEDRINE HYDROCHLORIDE||600MG; 60MG||TABLET, EXTENDED RELEASE||ORAL",600 mg; 60 mg,adult/adolescent >=12: 1 ER tablet per dose,q12h,adult/adolescent >=12,64
