Active ingredients,Dosage Form,Route,Strength,Brand name,Applicant Holder,Approval Date,group_key
ASPIRIN; METHOCARBAMOL,TABLET,ORAL,325MG; 400MG,METHOCARBAMOL AND ASPIRIN,JEROME STEVENS PHARMACEUTICALS INC,"Jan 31, 1995",ASPIRIN; METHOCARBAMOL||325MG; 400MG||TABLET||ORAL
ASPIRIN; BUTALBITAL; CAFFEINE,CAPSULE,ORAL,325MG; 50MG; 40MG,"BUTALBITAL, ASPIRIN AND CAFFEINE",WATSON LABORATORIES INC,"Feb 12, 1985",ASPIRIN; BUTALBITAL; CAFFEINE||325MG; 50MG; 40MG||CAPSULE||ORAL
ASPIRIN; BUTALBITAL; CAFFEINE; CODEINE PHOSPHATE,CAPSULE,ORAL,325MG; 50MG; 40MG; 30MG,"BUTALBITAL, ASPIRIN, CAFFEINE, AND CODEINE PHOSPHATE",DR REDDYS LABORATORIES SA,"Oct 30, 2015",ASPIRIN; BUTALBITAL; CAFFEINE; CODEINE PHOSPHATE||325MG; 50MG; 40MG; 30MG||CAPSULE||ORAL
ASPIRIN; BUTALBITAL; CAFFEINE,TABLET,ORAL,325MG; 50MG; 40MG,"BUTALBITAL, ASPIRIN AND CAFFEINE",HALSEY DRUG CO INC,"Dec 1, 1986",ASPIRIN; BUTALBITAL; CAFFEINE||325MG; 50MG; 40MG||TABLET||ORAL
ASPIRIN; OXYCODONE HYDROCHLORIDE,TABLET,ORAL,325MG; 4.8355MG,PERCODAN,ENDO OPERATIONS LTD,"Aug 5, 2005",ASPIRIN; OXYCODONE HYDROCHLORIDE||325MG; 4.8355MG||TABLET||ORAL
ASPIRIN; CAFFEINE; PROPOXYPHENE HYDROCHLORIDE,CAPSULE,ORAL,389MG; 32.4MG; 65MG,COMPOUND 65,ALRA LABORATORIES INC,"Aug 17, 1983",ASPIRIN; CAFFEINE; PROPOXYPHENE HYDROCHLORIDE||389MG; 32.4MG; 65MG||CAPSULE||ORAL
ASPIRIN; PRAVASTATIN SODIUM,TABLET,ORAL,81MG; 20MG,PRAVIGARD PAC (COPACKAGED),BRISTOL MYERS SQUIBB CO,"Jun 24, 2003",ASPIRIN; PRAVASTATIN SODIUM||81MG; 20MG||TABLET||ORAL
ASPIRIN; HYDROCODONE BITARTRATE,TABLET,ORAL,500MG; 5MG,VICOPRIN,ABBOTT LABORATORIES PHARMACEUTICAL PRODUCTS DIV,"Sep 14, 1983",ASPIRIN; HYDROCODONE BITARTRATE||500MG; 5MG||TABLET||ORAL
ASPIRIN; MEPROBAMATE,TABLET,ORAL,325MG; 200MG,EQUAGESIC,SUN PHARMACEUTICAL INDUSTRIES INC,"Dec 29, 1983",ASPIRIN; MEPROBAMATE||325MG; 200MG||TABLET||ORAL
ACETAMINOPHEN; ASPIRIN; CAFFEINE,TABLET,ORAL,250MG; 250MG; 65MG,EXCEDRIN (MIGRAINE RELIEF),HALEON US HOLDINGS LLC,"Jan 14, 1998",ACETAMINOPHEN; ASPIRIN; CAFFEINE||250MG; 250MG; 65MG||TABLET||ORAL
ASPIRIN; BUTALBITAL; CAFFEINE,TABLET,ORAL,325MG; 50MG; 40MG,"BUTALBITAL, ASPIRIN AND CAFFEINE",PURACAP PHARMACEUTICAL LLC,"Dec 9, 1983",ASPIRIN; BUTALBITAL; CAFFEINE||325MG; 50MG; 40MG||TABLET||ORAL
ASPIRIN; PROPOXYPHENE HYDROCHLORIDE,CAPSULE,ORAL,325MG; 65MG,DARVON W/ ASA,XANODYNE PHARMACEUTICS INC,"Approved Prior to Jan 1, 1982",ASPIRIN; PROPOXYPHENE HYDROCHLORIDE||325MG; 65MG||CAPSULE||ORAL
ASPIRIN; BUTALBITAL; CAFFEINE; CODEINE PHOSPHATE,CAPSULE,ORAL,325MG; 50MG; 40MG; 30MG,"BUTALBITAL, ASPIRIN, CAFFEINE, AND CODEINE PHOSPHATE",JEROME STEVENS PHARMACEUTICALS INC,"Aug 31, 1998",ASPIRIN; BUTALBITAL; CAFFEINE; CODEINE PHOSPHATE||325MG; 50MG; 40MG; 30MG||CAPSULE||ORAL
ASPIRIN; MEPROBAMATE,TABLET,ORAL,325MG; 200MG,EQUAGESIC,SUN PHARMACEUTICAL INDUSTRIES INC,"Dec 29, 1983",ASPIRIN; MEPROBAMATE||325MG; 200MG||TABLET||ORAL
ACETAMINOPHEN; ASPIRIN; CODEINE PHOSPHATE,CAPSULE,ORAL,150MG; 180MG; 30MG,"ACETAMINOPHEN, ASPIRIN, AND CODEINE PHOSPHATE",MIKART LLC,"Oct 26, 1990",ACETAMINOPHEN; ASPIRIN; CODEINE PHOSPHATE||150MG; 180MG; 30MG||CAPSULE||ORAL
ASPIRIN; DIPYRIDAMOLE,"CAPSULE, EXTENDED RELEASE",ORAL,25MG; 200MG **Federal Register determination that product was not discontinued or withdrawn for safety or effectiveness reasons**,AGGRENOX,BOEHRINGER INGELHEIM PHARMACEUTICALS INC,"Nov 22, 1999","ASPIRIN; DIPYRIDAMOLE||25MG; 200MG **Federal Register determination that product was not discontinued or withdrawn for safety or effectiveness reasons**||CAPSULE, EXTENDED RELEASE||ORAL"
ACETAMINOPHEN; ASPIRIN; CAFFEINE,TABLET,ORAL,250MG; 250MG; 65MG,"ACETAMINOPHEN, ASPIRIN AND CAFFEINE",L PERRIGO CO,"Nov 26, 2001",ACETAMINOPHEN; ASPIRIN; CAFFEINE||250MG; 250MG; 65MG||TABLET||ORAL
ASPIRIN; CAFFEINE; ORPHENADRINE CITRATE,TABLET,ORAL,385MG; 30MG; 25MG,INVAGESIC,CHARTWELL RX SCIENCES LLC,"Nov 27, 1996",ASPIRIN; CAFFEINE; ORPHENADRINE CITRATE||385MG; 30MG; 25MG||TABLET||ORAL
ASPIRIN; PRAVASTATIN SODIUM,TABLET,ORAL,325MG; 40MG,PRAVIGARD PAC (COPACKAGED),BRISTOL MYERS SQUIBB CO,"Jun 24, 2003",ASPIRIN; PRAVASTATIN SODIUM||325MG; 40MG||TABLET||ORAL
ASPIRIN; BUTALBITAL; CAFFEINE,TABLET,ORAL,325MG; 50MG; 40MG,"BUTALBITAL, ASPIRIN AND CAFFEINE",STRIDES PHARMA GLOBAL PTE LTD,"Sep 22, 2016",ASPIRIN; BUTALBITAL; CAFFEINE||325MG; 50MG; 40MG||TABLET||ORAL
ASPIRIN; OXYCODONE HYDROCHLORIDE; OXYCODONE TEREPHTHALATE,TABLET,ORAL,325MG; 4.5MG; 0.38MG,CODOXY,HALSEY DRUG CO INC,"Jul 1, 1982",ASPIRIN; OXYCODONE HYDROCHLORIDE; OXYCODONE TEREPHTHALATE||325MG; 4.5MG; 0.38MG||TABLET||ORAL
ASPIRIN; PRAVASTATIN SODIUM,TABLET,ORAL,325MG; 80MG,PRAVIGARD PAC (COPACKAGED),BRISTOL MYERS SQUIBB CO,"Jun 24, 2003",ASPIRIN; PRAVASTATIN SODIUM||325MG; 80MG||TABLET||ORAL
ASPIRIN; CARISOPRODOL,TABLET,ORAL,325MG; 200MG,CARISOPRODOL AND ASPIRIN,NOVAST LABORATORIES LTD,"Jan 7, 2010",ASPIRIN; CARISOPRODOL||325MG; 200MG||TABLET||ORAL
ASPIRIN; DIPYRIDAMOLE,"CAPSULE, EXTENDED RELEASE",ORAL,25MG; 200MG,ASPIRIN AND DIPYRIDAMOLE,ANI PHARMACEUTICALS INC,"Jan 18, 2017","ASPIRIN; DIPYRIDAMOLE||25MG; 200MG||CAPSULE, EXTENDED RELEASE||ORAL"
ASPIRIN; DIPYRIDAMOLE,"CAPSULE, EXTENDED RELEASE",ORAL,25MG; 200MG,ASPIRIN AND DIPYRIDAMOLE,PH HEALTH LTD,"Jan 18, 2017","ASPIRIN; DIPYRIDAMOLE||25MG; 200MG||CAPSULE, EXTENDED RELEASE||ORAL"
ASPIRIN; OXYCODONE HYDROCHLORIDE; OXYCODONE TEREPHTHALATE,TABLET,ORAL,325MG; 4.5MG; 0.38MG,OXYCODONE AND ASPIRIN,ANI PHARMACEUTICALS INC,"Feb 27, 1998",ASPIRIN; OXYCODONE HYDROCHLORIDE; OXYCODONE TEREPHTHALATE||325MG; 4.5MG; 0.38MG||TABLET||ORAL
ASPIRIN; BUTALBITAL; CAFFEINE; CODEINE PHOSPHATE,CAPSULE,ORAL,325MG; 50MG; 40MG; 30MG,"BUTALBITAL, ASPIRIN, CAFFEINE, AND CODEINE PHOSPHATE",LGM PHARMA SOLUTIONS LLC,"Nov 30, 2001",ASPIRIN; BUTALBITAL; CAFFEINE; CODEINE PHOSPHATE||325MG; 50MG; 40MG; 30MG||CAPSULE||ORAL
ASPIRIN; BUTALBITAL,TABLET,ORAL,650MG; 50MG,AXOTAL,SAVAGE LABORATORIES INC DIV ALTANA INC,"Oct 13, 1983",ASPIRIN; BUTALBITAL||650MG; 50MG||TABLET||ORAL
ASPIRIN; BUTALBITAL; CAFFEINE; CODEINE PHOSPHATE,CAPSULE,ORAL,325MG; 50MG; 40MG; 30MG,"BUTALBITAL, ASPIRIN, CAFFEINE, AND CODEINE PHOSPHATE",WATSON LABORATORIES INC,"Aug 31, 1995",ASPIRIN; BUTALBITAL; CAFFEINE; CODEINE PHOSPHATE||325MG; 50MG; 40MG; 30MG||CAPSULE||ORAL
ASPIRIN,"TABLET, EXTENDED RELEASE",ORAL,650MG,8-HOUR BAYER,BAYER HEALTHCARE LLC,"Approved Prior to Jan 1, 1982","ASPIRIN||650MG||TABLET, EXTENDED RELEASE||ORAL"
ASPIRIN; CARISOPRODOL,TABLET,ORAL,325MG; 200MG,CARISOPRODOL AND ASPIRIN,OXFORD PHARMACEUTICALS LLC,"Dec 10, 1997",ASPIRIN; CARISOPRODOL||325MG; 200MG||TABLET||ORAL
ASPIRIN; CAFFEINE; PROPOXYPHENE HYDROCHLORIDE,CAPSULE,ORAL,389MG; 32.4MG; 65MG,PROPOXYPHENE HYDROCHLORIDE W/ ASPIRIN AND CAFFEINE,WATSON LABORATORIES INC,"Sep 3, 1984",ASPIRIN; CAFFEINE; PROPOXYPHENE HYDROCHLORIDE||389MG; 32.4MG; 65MG||CAPSULE||ORAL
ASPIRIN; DIPYRIDAMOLE,"CAPSULE, EXTENDED RELEASE",ORAL,25MG; 200MG,ASPIRIN AND DIPYRIDAMOLE,SUN PHARMACEUTICAL INDUSTRIES LTD,"Aug 21, 2018","ASPIRIN; DIPYRIDAMOLE||25MG; 200MG||CAPSULE, EXTENDED RELEASE||ORAL"
ASPIRIN; DIPYRIDAMOLE,"CAPSULE, EXTENDED RELEASE",ORAL,25MG; 200MG,ASPIRIN AND DIPYRIDAMOLE,CHARTWELL MOLECULAR HOLDINGS LLC,"Mar 20, 2019","ASPIRIN; DIPYRIDAMOLE||25MG; 200MG||CAPSULE, EXTENDED RELEASE||ORAL"
ASPIRIN; DIPYRIDAMOLE,"CAPSULE, EXTENDED RELEASE",ORAL,25MG; 200MG,ASPIRIN AND DIPYRIDAMOLE,DR REDDYS LABORATORIES LTD,"Oct 10, 2018","ASPIRIN; DIPYRIDAMOLE||25MG; 200MG||CAPSULE, EXTENDED RELEASE||ORAL"
ASPIRIN; CAFFEINE; ORPHENADRINE CITRATE,TABLET,ORAL,385MG; 30MG; 25MG,ORPHENGESIC,GALT PHARMACEUTICALS LLC,"May 29, 1998",ASPIRIN; CAFFEINE; ORPHENADRINE CITRATE||385MG; 30MG; 25MG||TABLET||ORAL
ASPIRIN; BUTALBITAL; CAFFEINE,TABLET,ORAL,325MG; 50MG; 40MG,"BUTALBITAL, ASPIRIN AND CAFFEINE",ACTAVIS ELIZABETH LLC,"Aug 23, 1983",ASPIRIN; BUTALBITAL; CAFFEINE||325MG; 50MG; 40MG||TABLET||ORAL
ASPIRIN; OXYCODONE HYDROCHLORIDE; OXYCODONE TEREPHTHALATE,TABLET,ORAL,325MG; 4.5MG; 0.38MG,OXYCODONE AND ASPIRIN,SUN PHARMACEUTICAL INDUSTRIES INC,"Jul 17, 1998",ASPIRIN; OXYCODONE HYDROCHLORIDE; OXYCODONE TEREPHTHALATE||325MG; 4.5MG; 0.38MG||TABLET||ORAL
ASPIRIN,CAPSULE,ORAL,81MG,VAZALORE,PLX PHARMA INC,"Feb 26, 2021",ASPIRIN||81MG||CAPSULE||ORAL
ACETAMINOPHEN; ASPIRIN; CAFFEINE,TABLET,ORAL,250MG; 250MG; 65MG,EXCEDRIN (MIGRAINE RELIEF),HALEON US HOLDINGS LLC,"Jan 14, 1998",ACETAMINOPHEN; ASPIRIN; CAFFEINE||250MG; 250MG; 65MG||TABLET||ORAL
IBUPROFEN,TABLET,ORAL,600MG,IBUPROFEN,PUREPAC PHARMACEUTICAL CO,"Sep 19, 1986",IBUPROFEN||600MG||TABLET||ORAL
IBUPROFEN,TABLET,ORAL,600MG,IBUPROFEN,SHANDONG XINHUA PHARMACEUTICAL CO LTD,"Nov 23, 2016",IBUPROFEN||600MG||TABLET||ORAL
IBUPROFEN,TABLET,ORAL,800MG,IBUPROFEN,AMNEAL PHARMACEUTICALS NY LLC,"Oct 13, 1987",IBUPROFEN||800MG||TABLET||ORAL
IBUPROFEN,CAPSULE,ORAL,200MG **Federal Register determination that product was not discontinued or withdrawn for safety or effectiveness reasons**,MIDOL,BAYER HEALTHCARE LLC,"Sep 2, 1987",IBUPROFEN||200MG **Federal Register determination that product was not discontinued or withdrawn for safety or effectiveness reasons**||CAPSULE||ORAL
IBUPROFEN,SOLUTION,INTRAVENOUS,800MG/200ML (4MG/ML),CALDOLOR,CUMBERLAND PHARMACEUTICALS INC,"Jan 25, 2019",IBUPROFEN||800MG/200ML (4MG/ML)||SOLUTION||INTRAVENOUS
IBUPROFEN,TABLET,ORAL,200MG,IBUPROFEN,STRIDES PHARMA INTERNATIONAL AG,"May 8, 1987",IBUPROFEN||200MG||TABLET||ORAL
IBUPROFEN,TABLET,ORAL,200MG,IBUPROFEN,SANDOZ INC,"Dec 15, 1995",IBUPROFEN||200MG||TABLET||ORAL
IBUPROFEN,SUSPENSION/DROPS,ORAL,50MG/1.25ML,INFANT'S ADVIL,HALEON US HOLDINGS LLC,"Jan 12, 2000",IBUPROFEN||50MG/1.25ML||SUSPENSION/DROPS||ORAL
IBUPROFEN,TABLET,ORAL,200MG,IBUPROFEN,LNK INTERNATIONAL INC,"Mar 1, 1999",IBUPROFEN||200MG||TABLET||ORAL
IBUPROFEN,TABLET,ORAL,300MG,IBUPROFEN,LEINER HEALTH PRODUCTS INC,"Oct 15, 1986",IBUPROFEN||300MG||TABLET||ORAL
IBUPROFEN,TABLET,ORAL,200MG,IBUPROFEN,OHM CORP,"Jul 15, 1986",IBUPROFEN||200MG||TABLET||ORAL
HYDROCODONE BITARTRATE; IBUPROFEN,TABLET,ORAL,10MG; 200MG,HYDROCODONE BITARTRATE AND IBUPROFEN,STRIDES PHARMA GLOBAL PTE LTD,"Nov 6, 2006",HYDROCODONE BITARTRATE; IBUPROFEN||10MG; 200MG||TABLET||ORAL
IBUPROFEN,SUSPENSION/DROPS,ORAL,40MG/ML,IBUPROFEN,L PERRIGO CO,"Dec 16, 1998",IBUPROFEN||40MG/ML||SUSPENSION/DROPS||ORAL
IBUPROFEN,TABLET,ORAL,400MG,IBUPROFEN,PUREPAC PHARMACEUTICAL CO,"Sep 19, 1986",IBUPROFEN||400MG||TABLET||ORAL
IBUPROFEN,TABLET,ORAL,800MG,IBUPROFEN,HALSEY DRUG CO INC,"Feb 5, 1988",IBUPROFEN||800MG||TABLET||ORAL
IBUPROFEN,TABLET,ORAL,200MG,IBUPROFEN,ANI PHARMACEUTICALS INC,"Dec 19, 1991",IBUPROFEN||200MG||TABLET||ORAL
IBUPROFEN,TABLET,ORAL,200MG,IBUPROFEN,GRANULES INDIA LTD,"Oct 7, 2016",IBUPROFEN||200MG||TABLET||ORAL
IBUPROFEN,SUSPENSION,ORAL,100MG/5ML,IBUPROFEN,AUROBINDO PHARMA LTD,"Feb 16, 2018",IBUPROFEN||100MG/5ML||SUSPENSION||ORAL
IBUPROFEN,TABLET,ORAL,200MG,IBUPROFEN,STRIDES PHARMA GLOBAL PTE LTD,"Mar 28, 2011",IBUPROFEN||200MG||TABLET||ORAL
IBUPROFEN,TABLET,ORAL,200MG,IBUPROFEN,PH HEALTH LTD,"Jan 10, 1989",IBUPROFEN||200MG||TABLET||ORAL
HYDROCODONE BITARTRATE; IBUPROFEN,TABLET,ORAL,5MG; 200MG,HYDROCODONE BITARTRATE AND IBUPROFEN,ANI PHARMACEUTICALS INC,"Jun 23, 2010",HYDROCODONE BITARTRATE; IBUPROFEN||5MG; 200MG||TABLET||ORAL
IBUPROFEN,CAPSULE,ORAL,EQ 200MG FREE ACID AND POTASSIUM SALT,IBUPROFEN,MARKSANS PHARMA LTD,"Jun 26, 2009",IBUPROFEN||EQ 200MG FREE ACID AND POTASSIUM SALT||CAPSULE||ORAL
IBUPROFEN,TABLET,ORAL,400MG,IBUPROFEN,DR REDDYS LABORATORIES INC,"Oct 31, 2001",IBUPROFEN||400MG||TABLET||ORAL
ACETAMINOPHEN; IBUPROFEN,TABLET,ORAL,250MG; 125MG,ACETAMINOPHEN AND IBUPROFEN,BIONPHARMA INC,"Aug 1, 2023",ACETAMINOPHEN; IBUPROFEN||250MG; 125MG||TABLET||ORAL
IBUPROFEN,TABLET,ORAL,800MG,IBUPROFEN,WATSON LABORATORIES INC,"Jul 2, 1987",IBUPROFEN||800MG||TABLET||ORAL
IBUPROFEN,TABLET,ORAL,800MG,IBUPROFEN,GRANULES INDIA LTD,"Sep 15, 2015",IBUPROFEN||800MG||TABLET||ORAL
HYDROCODONE BITARTRATE; IBUPROFEN,TABLET,ORAL,7.5MG; 200MG,HYDROCODONE BITARTRATE AND IBUPROFEN,AMNEAL PHARMACEUTICALS NY LLC,"Oct 12, 2004",HYDROCODONE BITARTRATE; IBUPROFEN||7.5MG; 200MG||TABLET||ORAL
IBUPROFEN,TABLET,ORAL,200MG,IBUPROFEN,DR REDDYS LABORATORIES INC,"Nov 20, 2001",IBUPROFEN||200MG||TABLET||ORAL
CHLORPHENIRAMINE MALEATE; IBUPROFEN; PSEUDOEPHEDRINE HYDROCHLORIDE,SUSPENSION,ORAL,1MG/5ML; 100MG/5ML; 15MG/5ML,CHILDREN'S ADVIL ALLERGY SINUS,HALEON US HOLDINGS LLC,"Feb 24, 2004",CHLORPHENIRAMINE MALEATE; IBUPROFEN; PSEUDOEPHEDRINE HYDROCHLORIDE||1MG/5ML; 100MG/5ML; 15MG/5ML||SUSPENSION||ORAL
IBUPROFEN,TABLET,ORAL,600MG,IBUPROFEN,DR REDDYS LABORATORIES INC,"Nov 14, 2001",IBUPROFEN||600MG||TABLET||ORAL
IBUPROFEN,TABLET,ORAL,600MG,IBUPROFEN,YICHANG HUMANWELL PHARMACEUTICAL CO LTD,"Mar 30, 2022",IBUPROFEN||600MG||TABLET||ORAL
IBUPROFEN,TABLET,ORAL,200MG,IBUPROFEN,ADAPTIS PHARMA PRIVATE LTD,"Jul 1, 1988",IBUPROFEN||200MG||TABLET||ORAL
IBUPROFEN,TABLET,ORAL,200MG,IBUPROFEN,TEVA PHARMACEUTICALS USA INC,"May 29, 1992",IBUPROFEN||200MG||TABLET||ORAL
IBUPROFEN,SUSPENSION,ORAL,100MG/5ML,IBU,ABBOTT LABORATORIES PHARMACEUTICAL PRODUCTS DIV,"Dec 18, 1989",IBUPROFEN||100MG/5ML||SUSPENSION||ORAL
IBUPROFEN,SUSPENSION,ORAL,100MG/5ML,IBUPROFEN,PAI HOLDINGS LLC DBA PHARMACEUTICAL ASSOCIATES INC,"Nov 3, 2016",IBUPROFEN||100MG/5ML||SUSPENSION||ORAL
IBUPROFEN,TABLET,ORAL,800MG,IBUPROFEN,DR REDDYS LABORATORIES INC,"Oct 31, 2001",IBUPROFEN||800MG||TABLET||ORAL
DIPHENHYDRAMINE HYDROCHLORIDE; IBUPROFEN,CAPSULE,ORAL,25MG; EQ 200MG FREE ACID AND POTASSIUM SALT,ADVIL PM,HALEON US HOLDINGS LLC,"Dec 21, 2005",DIPHENHYDRAMINE HYDROCHLORIDE; IBUPROFEN||25MG; EQ 200MG FREE ACID AND POTASSIUM SALT||CAPSULE||ORAL
IBUPROFEN,TABLET,ORAL,600MG,IBUPROFEN,RISING PHARMA HOLDINGS INC,"Jun 12, 1986",IBUPROFEN||600MG||TABLET||ORAL
IBUPROFEN; PSEUDOEPHEDRINE HYDROCHLORIDE,TABLET,ORAL,200MG; 30MG,IBUPROFEN AND PSEUDOEPHEDRINE HYDROCHLORIDE,CONTRACT PHARMACAL CORP,"Apr 8, 2002",IBUPROFEN; PSEUDOEPHEDRINE HYDROCHLORIDE||200MG; 30MG||TABLET||ORAL
IBUPROFEN,TABLET,ORAL,400MG,IBUPROFEN,SANDOZ INC,"Jan 14, 1988",IBUPROFEN||400MG||TABLET||ORAL
AMOXICILLIN,"TABLET, EXTENDED RELEASE",ORAL,775MG,MOXATAG,PRAGMA PHARMACEUTICALS LLC,"Jan 23, 2008","AMOXICILLIN||775MG||TABLET, EXTENDED RELEASE||ORAL"
AMOXICILLIN; CLAVULANATE POTASSIUM,TABLET,ORAL,500MG; EQ 125MG BASE,AMOXICILLIN AND CLAVULANATE POTASSIUM,DEVA HOLDING AS,"Sep 15, 2023",AMOXICILLIN; CLAVULANATE POTASSIUM||500MG; EQ 125MG BASE||TABLET||ORAL
AMOXICILLIN,FOR SUSPENSION,ORAL,200MG/5ML **Federal Register determination that product was not discontinued or withdrawn for safety or effectiveness reasons**,AMOXIL,US ANTIBIOTICS LLC,"Apr 15, 1999",AMOXICILLIN||200MG/5ML **Federal Register determination that product was not discontinued or withdrawn for safety or effectiveness reasons**||FOR SUSPENSION||ORAL
AMOXICILLIN,"TABLET, FOR SUSPENSION",ORAL,200MG,AMOXICILLIN,AUROBINDO PHARMA LTD,"Jan 17, 2007","AMOXICILLIN||200MG||TABLET, FOR SUSPENSION||ORAL"
AMOXICILLIN,"TABLET, CHEWABLE",ORAL,125MG,AMOXICILLIN,SUN PHARMACEUTICAL INDUSTRIES LTD,"Dec 23, 1999","AMOXICILLIN||125MG||TABLET, CHEWABLE||ORAL"
AMOXICILLIN; CLAVULANATE POTASSIUM,FOR SUSPENSION,ORAL,600MG/5ML; EQ 42.9MG BASE/5ML,AMOXICILLIN AND CLAVULANATE POTASSIUM,SANDOZ INC,"Aug 13, 2007",AMOXICILLIN; CLAVULANATE POTASSIUM||600MG/5ML; EQ 42.9MG BASE/5ML||FOR SUSPENSION||ORAL
AMOXICILLIN; CLAVULANATE POTASSIUM,FOR SUSPENSION,ORAL,600MG/5ML; EQ 42.9MG BASE/5ML,AMOXICILLIN AND CLAVULANATE POTASSIUM,TEVA PHARMACEUTICALS USA INC,"Mar 12, 2004",AMOXICILLIN; CLAVULANATE POTASSIUM||600MG/5ML; EQ 42.9MG BASE/5ML||FOR SUSPENSION||ORAL
AMOXICILLIN; CLAVULANATE POTASSIUM,"TABLET, EXTENDED RELEASE",ORAL,1GM; EQ 62.5MG BASE,AUGMENTIN XR,US ANTIBIOTICS LLC,"Sep 25, 2002","AMOXICILLIN; CLAVULANATE POTASSIUM||1GM; EQ 62.5MG BASE||TABLET, EXTENDED RELEASE||ORAL"
AMOXICILLIN; CLAVULANATE POTASSIUM,"TABLET, CHEWABLE",ORAL,400MG; EQ 57MG BASE,AMOXICILLIN AND CLAVULANATE POTASSIUM,TEVA PHARMACEUTICALS USA INC,"Feb 9, 2005","AMOXICILLIN; CLAVULANATE POTASSIUM||400MG; EQ 57MG BASE||TABLET, CHEWABLE||ORAL"
AMOXICILLIN,FOR SUSPENSION,ORAL,200MG/5ML,AMOXICILLIN,SANDOZ INC,"Mar 26, 2007",AMOXICILLIN||200MG/5ML||FOR SUSPENSION||ORAL
AMOXICILLIN,FOR SUSPENSION,ORAL,125MG/5ML,TRIMOX,APOTHECON INC DIV BRISTOL MYERS SQUIBB,"Approved Prior to Jan 1, 1982",AMOXICILLIN||125MG/5ML||FOR SUSPENSION||ORAL
AMOXICILLIN,TABLET,ORAL,875MG **Federal Register determination that product was not discontinued or withdrawn for safety or effectiveness reasons**,AMOXIL,US ANTIBIOTICS LLC,"Jul 10, 1998",AMOXICILLIN||875MG **Federal Register determination that product was not discontinued or withdrawn for safety or effectiveness reasons**||TABLET||ORAL
AMOXICILLIN; CLAVULANATE POTASSIUM,FOR SUSPENSION,ORAL,400MG/5ML; EQ 57MG BASE/5ML,AUGMENTIN '400',US ANTIBIOTICS LLC,"May 31, 1996",AMOXICILLIN; CLAVULANATE POTASSIUM||400MG/5ML; EQ 57MG BASE/5ML||FOR SUSPENSION||ORAL
AMOXICILLIN,TABLET,ORAL,500MG **Federal Register determination that product was not discontinued or withdrawn for safety or effectiveness reasons**,AMOXIL,US ANTIBIOTICS LLC,"Jul 10, 1998",AMOXICILLIN||500MG **Federal Register determination that product was not discontinued or withdrawn for safety or effectiveness reasons**||TABLET||ORAL
AMOXICILLIN,"TABLET, CHEWABLE",ORAL,125MG,AMOXICILLIN,TEVA PHARMACEUTICALS USA INC,"Dec 19, 1996","AMOXICILLIN||125MG||TABLET, CHEWABLE||ORAL"
AMOXICILLIN,FOR SUSPENSION,ORAL,125MG/5ML **Federal Register determination that product was not discontinued or withdrawn for safety or effectiveness reasons**,AMOXIL,GLAXOSMITHKLINE,"Approved Prior to Jan 1, 1982",AMOXICILLIN||125MG/5ML **Federal Register determination that product was not discontinued or withdrawn for safety or effectiveness reasons**||FOR SUSPENSION||ORAL
AMOXICILLIN; CLAVULANATE POTASSIUM,FOR SUSPENSION,ORAL,400MG/5ML; EQ 57MG BASE/5ML,AMOXICILLIN AND CLAVULANATE POTASSIUM,MICRO LABS LTD INDIA,"May 21, 2021",AMOXICILLIN; CLAVULANATE POTASSIUM||400MG/5ML; EQ 57MG BASE/5ML||FOR SUSPENSION||ORAL
AMOXICILLIN; CLAVULANATE POTASSIUM,TABLET,ORAL,500MG; EQ 125MG BASE,AMOXICILLIN AND CLAVULANATE POTASSIUM,APOTEX INC,"Feb 24, 2009",AMOXICILLIN; CLAVULANATE POTASSIUM||500MG; EQ 125MG BASE||TABLET||ORAL
AMOXICILLIN; CLAVULANATE POTASSIUM,FOR SUSPENSION,ORAL,200MG/5ML; EQ 28.5MG BASE/5ML,AMOXICILLIN AND CLAVULANATE POTASSIUM,MICRO LABS LTD INDIA,"May 21, 2021",AMOXICILLIN; CLAVULANATE POTASSIUM||200MG/5ML; EQ 28.5MG BASE/5ML||FOR SUSPENSION||ORAL
AMOXICILLIN,FOR SUSPENSION,ORAL,200MG/5ML,AMOXICILLIN,TEVA PHARMACEUTICALS USA INC,"Dec 4, 2002",AMOXICILLIN||200MG/5ML||FOR SUSPENSION||ORAL
AMOXICILLIN,CAPSULE,ORAL,250MG,AMOXICILLIN,SANDOZ INC,"Sep 30, 1994",AMOXICILLIN||250MG||CAPSULE||ORAL
AMOXICILLIN; CLAVULANATE POTASSIUM,TABLET,ORAL,250MG; EQ 125MG BASE,AMOXICILLIN AND CLAVULANATE POTASSIUM,APOTEX INC,"Feb 24, 2009",AMOXICILLIN; CLAVULANATE POTASSIUM||250MG; EQ 125MG BASE||TABLET||ORAL
AMOXICILLIN,FOR SUSPENSION,ORAL,250MG/5ML,WYMOX,WYETH AYERST LABORATORIES,"Approved Prior to Jan 1, 1982",AMOXICILLIN||250MG/5ML||FOR SUSPENSION||ORAL
AMOXICILLIN,FOR SUSPENSION,ORAL,250MG/5ML,AMOXICILLIN,AUROBINDO PHARMA LTD,"Sep 15, 2014",AMOXICILLIN||250MG/5ML||FOR SUSPENSION||ORAL
AMOXICILLIN; CLAVULANATE POTASSIUM,TABLET,ORAL,875MG; EQ 125MG BASE,AMOXICILLIN AND CLAVULANATE POTASSIUM,DEVA HOLDING AS,"Sep 15, 2023",AMOXICILLIN; CLAVULANATE POTASSIUM||875MG; EQ 125MG BASE||TABLET||ORAL
AMOXICILLIN; CLARITHROMYCIN; OMEPRAZOLE,"CAPSULE, TABLET, CAPSULE, DELAYED RELEASE",ORAL,"500MG,N/A,N/A; N/A,500MG,N/A; N/A,N/A,20MG **Federal Register determination that product was not discontinued or withdrawn for safety or effectiveness reasons**",OMECLAMOX-PAK,CUMBERLAND PHARMACEUTICALS INC,"Feb 8, 2011","AMOXICILLIN; CLARITHROMYCIN; OMEPRAZOLE||500MG,N/A,N/A; N/A,500MG,N/A; N/A,N/A,20MG **Federal Register determination that product was not discontinued or withdrawn for safety or effectiveness reasons**||CAPSULE, TABLET, CAPSULE, DELAYED RELEASE||ORAL"
AMOXICILLIN; CLAVULANATE POTASSIUM,TABLET,ORAL,500MG; EQ 125MG BASE,AMOXICILLIN AND CLAVULANATE POTASSIUM,SANDOZ INC,"Mar 15, 2002",AMOXICILLIN; CLAVULANATE POTASSIUM||500MG; EQ 125MG BASE||TABLET||ORAL
AMOXICILLIN; CLAVULANATE POTASSIUM,TABLET,ORAL,875MG; EQ 125MG BASE,AMOXICILLIN AND CLAVULANATE POTASSIUM,SANDOZ INC,"Nov 21, 2002",AMOXICILLIN; CLAVULANATE POTASSIUM||875MG; EQ 125MG BASE||TABLET||ORAL
AMOXICILLIN,CAPSULE,ORAL,250MG,TRIMOX,APOTHECON INC DIV BRISTOL MYERS SQUIBB,"Approved Prior to Jan 1, 1982",AMOXICILLIN||250MG||CAPSULE||ORAL
AMOXICILLIN,FOR SUSPENSION,ORAL,50MG/ML,AMOXIL,US ANTIBIOTICS LLC,"Approved Prior to Jan 1, 1982",AMOXICILLIN||50MG/ML||FOR SUSPENSION||ORAL
AMOXICILLIN,TABLET,ORAL,875MG,AMOXICILLIN,SANDOZ INC,"Jul 13, 2005",AMOXICILLIN||875MG||TABLET||ORAL
AMOXICILLIN; CLAVULANATE POTASSIUM,TABLET,ORAL,875MG; EQ 125MG BASE,AMOXICILLIN AND CLAVULANATE POTASSIUM,TEVA PHARMACEUTICALS USA INC,"Oct 29, 2002",AMOXICILLIN; CLAVULANATE POTASSIUM||875MG; EQ 125MG BASE||TABLET||ORAL
AMOXICILLIN; CLAVULANATE POTASSIUM,FOR SUSPENSION,ORAL,200MG/5ML; EQ 28.5MG BASE/5ML,AMOXICILLIN AND CLAVULANATE POTASSIUM,SANDOZ INC,"Jun 5, 2002",AMOXICILLIN; CLAVULANATE POTASSIUM||200MG/5ML; EQ 28.5MG BASE/5ML||FOR SUSPENSION||ORAL
AMOXICILLIN,"TABLET, FOR SUSPENSION",ORAL,400MG,AMOXICILLIN,AUROBINDO PHARMA LTD,"Jan 17, 2007","AMOXICILLIN||400MG||TABLET, FOR SUSPENSION||ORAL"
AMOXICILLIN,CAPSULE,ORAL,500MG,AMOXICILLIN,SANDOZ INC,"Sep 30, 1994",AMOXICILLIN||500MG||CAPSULE||ORAL
AMOXICILLIN,CAPSULE,ORAL,250MG,TRIMOX,APOTHECON SUB BRISTOL MYERS SQUIBB CO,"Approved Prior to Jan 1, 1982",AMOXICILLIN||250MG||CAPSULE||ORAL
AMOXICILLIN; CLAVULANATE POTASSIUM,FOR SUSPENSION,ORAL,400MG/5ML; EQ 57MG BASE/5ML,AMOXICILLIN AND CLAVULANATE POTASSIUM,SUN PHARMACEUTICAL INDUSTRIES LTD,"Mar 19, 2003",AMOXICILLIN; CLAVULANATE POTASSIUM||400MG/5ML; EQ 57MG BASE/5ML||FOR SUSPENSION||ORAL
AMOXICILLIN,FOR SUSPENSION,ORAL,400MG/5ML,AMOXICILLIN,CHARTWELL RX SCIENCES LLC,"Jun 18, 2007",AMOXICILLIN||400MG/5ML||FOR SUSPENSION||ORAL
AMOXICILLIN,CAPSULE,ORAL,500MG,AMOXICILLIN,TEVA PHARMACEUTICALS USA INC,"Approved Prior to Jan 1, 1982",AMOXICILLIN||500MG||CAPSULE||ORAL
AMOXICILLIN; CLAVULANATE POTASSIUM,TABLET,ORAL,500MG; EQ 125MG BASE **Federal Register determination that product was not discontinued or withdrawn for safety or effectiveness reasons**,AUGMENTIN '500',US ANTIBIOTICS LLC,"Aug 6, 1984",AMOXICILLIN; CLAVULANATE POTASSIUM||500MG; EQ 125MG BASE **Federal Register determination that product was not discontinued or withdrawn for safety or effectiveness reasons**||TABLET||ORAL
METOPROLOL SUCCINATE,"TABLET, EXTENDED RELEASE",ORAL,EQ 100MG TARTRATE,METOPROLOL SUCCINATE,SANDOZ,"Mar 20, 2008","METOPROLOL SUCCINATE||EQ 100MG TARTRATE||TABLET, EXTENDED RELEASE||ORAL"
METOPROLOL TARTRATE,TABLET,ORAL,50MG,METOPROLOL TARTRATE,CHARTWELL RX SCIENCES LLC,"Mar 25, 1994",METOPROLOL TARTRATE||50MG||TABLET||ORAL
METOPROLOL SUCCINATE,"TABLET, EXTENDED RELEASE",ORAL,EQ 100MG TARTRATE,METOPROLOL SUCCINATE,SUNSHINE LAKE PHARMA CO LTD,"Sep 26, 2022","METOPROLOL SUCCINATE||EQ 100MG TARTRATE||TABLET, EXTENDED RELEASE||ORAL"
METOPROLOL TARTRATE,TABLET,ORAL,50MG,METOPROLOL TARTRATE,IPCA LABORATORIES LTD,"Jun 17, 2008",METOPROLOL TARTRATE||50MG||TABLET||ORAL
METOPROLOL TARTRATE,TABLET,ORAL,100MG,METOPROLOL TARTRATE,PHARMOBEDIENT CONSULTING LLC,"Dec 21, 1993",METOPROLOL TARTRATE||100MG||TABLET||ORAL
METOPROLOL TARTRATE,INJECTABLE,INJECTION,1MG/ML,METOPROLOL TARTRATE,AMERICAN REGENT INC,"Sep 30, 2009",METOPROLOL TARTRATE||1MG/ML||INJECTABLE||INJECTION
METOPROLOL SUCCINATE,"TABLET, EXTENDED RELEASE",ORAL,EQ 200MG TARTRATE,METOPROLOL SUCCINATE,VISUM PHARMACEUTICAL CO LTD,"Dec 19, 2018","METOPROLOL SUCCINATE||EQ 200MG TARTRATE||TABLET, EXTENDED RELEASE||ORAL"
METOPROLOL TARTRATE,TABLET,ORAL,50MG,METOPROLOL TARTRATE,SCIEGEN PHARMACEUTICALS INC,"Feb 5, 2020",METOPROLOL TARTRATE||50MG||TABLET||ORAL
HYDROCHLOROTHIAZIDE; METOPROLOL TARTRATE,TABLET,ORAL,25MG; 50MG,METOPROLOL TARTRATE AND HYDROCHLOROTHIAZIDE,SENORES PHARMACEUTICALS INC,"Jan 8, 2025",HYDROCHLOROTHIAZIDE; METOPROLOL TARTRATE||25MG; 50MG||TABLET||ORAL
METOPROLOL TARTRATE,TABLET,ORAL,50MG,METOPROLOL TARTRATE,TEVA PHARMACEUTICALS USA INC,"Sep 30, 1994",METOPROLOL TARTRATE||50MG||TABLET||ORAL
METOPROLOL SUCCINATE,"TABLET, EXTENDED RELEASE",ORAL,EQ 100MG TARTRATE,METOPROLOL SUCCINATE,NOVAST LABORATORIES LTD,"Feb 6, 2018","METOPROLOL SUCCINATE||EQ 100MG TARTRATE||TABLET, EXTENDED RELEASE||ORAL"
METOPROLOL FUMARATE,"TABLET, EXTENDED RELEASE",ORAL,EQ 200MG TARTRATE,LOPRESSOR,NOVARTIS PHARMACEUTICALS CORP,"Dec 27, 1989","METOPROLOL FUMARATE||EQ 200MG TARTRATE||TABLET, EXTENDED RELEASE||ORAL"
METOPROLOL TARTRATE,TABLET,ORAL,37.5MG,METOPROLOL TARTRATE,AUROBINDO PHARMA LTD,"Dec 7, 2023",METOPROLOL TARTRATE||37.5MG||TABLET||ORAL
METOPROLOL SUCCINATE,"CAPSULE, EXTENDED RELEASE",ORAL,EQ 100MG TARTRATE,KAPSPARGO SPRINKLE,SUN PHARMA INDUSTRIES LTD,"Jan 26, 2018","METOPROLOL SUCCINATE||EQ 100MG TARTRATE||CAPSULE, EXTENDED RELEASE||ORAL"
METOPROLOL SUCCINATE,"CAPSULE, EXTENDED RELEASE",ORAL,EQ 25MG TARTRATE,KAPSPARGO SPRINKLE,SUN PHARMA INDUSTRIES LTD,"Jan 26, 2018","METOPROLOL SUCCINATE||EQ 25MG TARTRATE||CAPSULE, EXTENDED RELEASE||ORAL"
METOPROLOL SUCCINATE,"TABLET, EXTENDED RELEASE",ORAL,EQ 50MG TARTRATE,METOPROLOL SUCCINATE,HETERO LABS LTD UNIT III,"Nov 6, 2020","METOPROLOL SUCCINATE||EQ 50MG TARTRATE||TABLET, EXTENDED RELEASE||ORAL"
METOPROLOL SUCCINATE,"CAPSULE, EXTENDED RELEASE",ORAL,EQ 100MG TARTRATE,KAPSPARGO SPRINKLE,SUN PHARMA INDUSTRIES LTD,"Jan 26, 2018","METOPROLOL SUCCINATE||EQ 100MG TARTRATE||CAPSULE, EXTENDED RELEASE||ORAL"
METOPROLOL SUCCINATE,"TABLET, EXTENDED RELEASE",ORAL,EQ 50MG TARTRATE,METOPROLOL SUCCINATE,HETERO LABS LTD UNIT III,"Nov 6, 2020","METOPROLOL SUCCINATE||EQ 50MG TARTRATE||TABLET, EXTENDED RELEASE||ORAL"
METOPROLOL TARTRATE,TABLET,ORAL,25MG,METOPROLOL TARTRATE,MYLAN PHARMACEUTICALS INC,"Jan 16, 2004",METOPROLOL TARTRATE||25MG||TABLET||ORAL
HYDROCHLOROTHIAZIDE; METOPROLOL SUCCINATE,"TABLET, EXTENDED RELEASE",ORAL,12.5MG; EQ 50MG TARTRATE **Federal Register determination that product was not discontinued or withdrawn for safety or effectiveness reasons**,DUTOPROL,CONCORDIA PHARMACEUTICALS INC,"Aug 28, 2006","HYDROCHLOROTHIAZIDE; METOPROLOL SUCCINATE||12.5MG; EQ 50MG TARTRATE **Federal Register determination that product was not discontinued or withdrawn for safety or effectiveness reasons**||TABLET, EXTENDED RELEASE||ORAL"
METOPROLOL SUCCINATE,"TABLET, EXTENDED RELEASE",ORAL,EQ 100MG TARTRATE,METOPROLOL SUCCINATE,ACCORD HEALTHCARE INC,"Oct 18, 2022","METOPROLOL SUCCINATE||EQ 100MG TARTRATE||TABLET, EXTENDED RELEASE||ORAL"
METOPROLOL TARTRATE,TABLET,ORAL,100MG,METOPROLOL TARTRATE,TEVA PHARMACEUTICALS USA,"Jan 27, 1994",METOPROLOL TARTRATE||100MG||TABLET||ORAL
METOPROLOL TARTRATE,INJECTABLE,INJECTION,1MG/ML,METOPROLOL TARTRATE,HOSPIRA INC,"Dec 21, 1993",METOPROLOL TARTRATE||1MG/ML||INJECTABLE||INJECTION
METOPROLOL SUCCINATE,"TABLET, EXTENDED RELEASE",ORAL,EQ 200MG TARTRATE,METOPROLOL SUCCINATE,ALKEM LABORATORIES LTD,"Nov 25, 2020","METOPROLOL SUCCINATE||EQ 200MG TARTRATE||TABLET, EXTENDED RELEASE||ORAL"
METOPROLOL SUCCINATE,"CAPSULE, EXTENDED RELEASE",ORAL,EQ 200MG TARTRATE,KAPSPARGO SPRINKLE,SUN PHARMA INDUSTRIES LTD,"Jan 26, 2018","METOPROLOL SUCCINATE||EQ 200MG TARTRATE||CAPSULE, EXTENDED RELEASE||ORAL"
HYDROCHLOROTHIAZIDE; METOPROLOL TARTRATE,TABLET,ORAL,25MG; 100MG,METOPROLOL TARTRATE AND HYDROCHLOROTHIAZIDE,SUN PHARMACEUTICAL INDUSTRIES LTD,"Jan 19, 2012",HYDROCHLOROTHIAZIDE; METOPROLOL TARTRATE||25MG; 100MG||TABLET||ORAL
METOPROLOL TARTRATE,TABLET,ORAL,50MG,METOPROLOL TARTRATE,SUN PHARMACEUTICAL INDUSTRIES INC,"Dec 10, 1996",METOPROLOL TARTRATE||50MG||TABLET||ORAL
METOPROLOL SUCCINATE,"TABLET, EXTENDED RELEASE",ORAL,EQ 100MG TARTRATE,METOPROLOL SUCCINATE,ZYDUS PHARMACEUTICALS USA INC,"Mar 23, 2018","METOPROLOL SUCCINATE||EQ 100MG TARTRATE||TABLET, EXTENDED RELEASE||ORAL"
METOPROLOL SUCCINATE,"TABLET, EXTENDED RELEASE",ORAL,EQ 200MG TARTRATE,METOPROLOL SUCCINATE,ZYDUS PHARMACEUTICALS USA INC,"Mar 23, 2018","METOPROLOL SUCCINATE||EQ 200MG TARTRATE||TABLET, EXTENDED RELEASE||ORAL"
METOPROLOL TARTRATE,INJECTABLE,INJECTION,1MG/ML,METOPROLOL TARTRATE,HOSPIRA INC,"Apr 29, 2008",METOPROLOL TARTRATE||1MG/ML||INJECTABLE||INJECTION
METOPROLOL SUCCINATE,"TABLET, EXTENDED RELEASE",ORAL,EQ 50MG TARTRATE,METOPROLOL SUCCINATE,NOVAST LABORATORIES LTD,"Feb 6, 2018","METOPROLOL SUCCINATE||EQ 50MG TARTRATE||TABLET, EXTENDED RELEASE||ORAL"
METOPROLOL TARTRATE,TABLET,ORAL,100MG,METOPROLOL TARTRATE,SUN PHARMACEUTICAL INDUSTRIES INC,"Dec 10, 1996",METOPROLOL TARTRATE||100MG||TABLET||ORAL
METOPROLOL TARTRATE,TABLET,ORAL,25MG,METOPROLOL TARTRATE,ALEMBIC PHARMACEUTICALS LTD,"May 28, 2013",METOPROLOL TARTRATE||25MG||TABLET||ORAL
METOPROLOL SUCCINATE,"TABLET, EXTENDED RELEASE",ORAL,EQ 100MG TARTRATE,METOPROLOL SUCCINATE,DOCTOR REDDYS LABORATORIES LTD,"Aug 15, 2012","METOPROLOL SUCCINATE||EQ 100MG TARTRATE||TABLET, EXTENDED RELEASE||ORAL"
HYDROCHLOROTHIAZIDE; METOPROLOL TARTRATE,TABLET,ORAL,50MG; 100MG,METOPROLOL TARTRATE AND HYDROCHLOROTHIAZIDE,MYLAN PHARMACEUTICALS,"Aug 20, 2004",HYDROCHLOROTHIAZIDE; METOPROLOL TARTRATE||50MG; 100MG||TABLET||ORAL
METOPROLOL SUCCINATE,"TABLET, EXTENDED RELEASE",ORAL,EQ 25MG TARTRATE,METOPROLOL SUCCINATE,ZYDUS PHARMACEUTICALS USA INC,"Mar 23, 2018","METOPROLOL SUCCINATE||EQ 25MG TARTRATE||TABLET, EXTENDED RELEASE||ORAL"
METOPROLOL TARTRATE,TABLET,ORAL,25MG,METOPROLOL TARTRATE,ALEMBIC PHARMACEUTICALS LTD,"May 28, 2013",METOPROLOL TARTRATE||25MG||TABLET||ORAL
METOPROLOL SUCCINATE,"TABLET, EXTENDED RELEASE",ORAL,EQ 100MG TARTRATE,METOPROLOL SUCCINATE,MYLAN PHARMACEUTICALS INC,"Dec 15, 2011","METOPROLOL SUCCINATE||EQ 100MG TARTRATE||TABLET, EXTENDED RELEASE||ORAL"
METOPROLOL SUCCINATE,"TABLET, EXTENDED RELEASE",ORAL,EQ 100MG TARTRATE,METOPROLOL SUCCINATE,YICHANG HUMANWELL PHARMACEUTICAL CO LTD,"Feb 12, 2021","METOPROLOL SUCCINATE||EQ 100MG TARTRATE||TABLET, EXTENDED RELEASE||ORAL"
METOPROLOL SUCCINATE,"TABLET, EXTENDED RELEASE",ORAL,EQ 25MG TARTRATE,METOPROLOL SUCCINATE,MYLAN PHARMACEUTICALS INC,"Dec 15, 2011","METOPROLOL SUCCINATE||EQ 25MG TARTRATE||TABLET, EXTENDED RELEASE||ORAL"
MELOXICAM,TABLET,ORAL,15MG,MELOXICAM,ROXANE LABORATORIES INC,"Jul 19, 2006",MELOXICAM||15MG||TABLET||ORAL
MELOXICAM,TABLET,ORAL,15MG,MELOXICAM,YUNG SHIN PHARMACEUTICAL INDUSTRIAL CO LTD,"Dec 7, 2006",MELOXICAM||15MG||TABLET||ORAL
MELOXICAM,TABLET,ORAL,15MG,MELOXICAM,RISING PHARMA HOLDINGS INC,"Jul 25, 2006",MELOXICAM||15MG||TABLET||ORAL
MELOXICAM,TABLET,ORAL,7.5MG,MELOXICAM,TP ANDA HOLDINGS LLC,"Jul 19, 2006",MELOXICAM||7.5MG||TABLET||ORAL
MELOXICAM,TABLET,ORAL,15MG,MELOXICAM,MYLAN PHARMACEUTICALS INC,"Jul 20, 2006",MELOXICAM||15MG||TABLET||ORAL
MELOXICAM,"TABLET, ORALLY DISINTEGRATING",ORAL,15MG **Federal Register determination that product was not discontinued or withdrawn for safety or effectiveness reasons**,QMIIZ ODT,TERSERA THERAPEUTICS LLC,"Oct 19, 2018","MELOXICAM||15MG **Federal Register determination that product was not discontinued or withdrawn for safety or effectiveness reasons**||TABLET, ORALLY DISINTEGRATING||ORAL"
MELOXICAM,TABLET,ORAL,15MG,MELOXICAM,IMPAX LABORATORIES INC,"Jul 19, 2006",MELOXICAM||15MG||TABLET||ORAL
MELOXICAM,TABLET,ORAL,7.5MG,MELOXICAM,UNICHEM LABORATORIES LTD,"Dec 20, 2006",MELOXICAM||7.5MG||TABLET||ORAL
MELOXICAM,TABLET,ORAL,7.5MG,MELOXICAM,ROXANE LABORATORIES INC,"Jul 19, 2006",MELOXICAM||7.5MG||TABLET||ORAL
MELOXICAM,TABLET,ORAL,15MG,MELOXICAM,CIPLA LTD,"Jul 19, 2006",MELOXICAM||15MG||TABLET||ORAL
MELOXICAM,SOLUTION,INTRAVENOUS,30MG/ML (30MG/ML),QAMZOVA,NANJING DELOVA BIOTECH CO LTD,"Apr 22, 2025",MELOXICAM||30MG/ML (30MG/ML)||SOLUTION||INTRAVENOUS
MELOXICAM,TABLET,ORAL,7.5MG,MELOXICAM,NATCO PHARMA LTD,"Jul 19, 2006",MELOXICAM||7.5MG||TABLET||ORAL
MELOXICAM,TABLET,ORAL,15MG,MELOXICAM,GLENMARK PHARMACEUTICALS LTD,"Jul 19, 2006",MELOXICAM||15MG||TABLET||ORAL
MELOXICAM,TABLET,ORAL,15MG,MELOXICAM,CHARTWELL RX SCIENCES LLC,"Jul 19, 2006",MELOXICAM||15MG||TABLET||ORAL
MELOXICAM,CAPSULE,ORAL,10MG **Federal Register determination that product was not discontinued or withdrawn for safety or effectiveness reasons**,VIVLODEX,ICEUTICA OPERATIONS LLC,"Oct 22, 2015",MELOXICAM||10MG **Federal Register determination that product was not discontinued or withdrawn for safety or effectiveness reasons**||CAPSULE||ORAL
MELOXICAM,TABLET,ORAL,7.5MG,MELOXICAM,NOVITIUM PHARMA LLC,"May 13, 2009",MELOXICAM||7.5MG||TABLET||ORAL
MELOXICAM,TABLET,ORAL,7.5MG,MELOXICAM,MYLAN PHARMACEUTICALS INC,"Jul 20, 2006",MELOXICAM||7.5MG||TABLET||ORAL
MELOXICAM,TABLET,ORAL,7.5MG,MELOXICAM,COREPHARMA LLC,"Jul 20, 2006",MELOXICAM||7.5MG||TABLET||ORAL
MELOXICAM,TABLET,ORAL,15MG,MELOXICAM,AUROBINDO PHARMA LTD,"Oct 2, 2006",MELOXICAM||15MG||TABLET||ORAL
BUPIVACAINE; MELOXICAM,"SOLUTION, EXTENDED RELEASE",PERIARTICULAR,60MG/2.3ML (29.25MG/ML); 1.8MG/2.3ML (0.88MG/ML),ZYNRELEF KIT,HERON THERAPEUTICS INC,"May 12, 2021","BUPIVACAINE; MELOXICAM||60MG/2.3ML (29.25MG/ML); 1.8MG/2.3ML (0.88MG/ML)||SOLUTION, EXTENDED RELEASE||PERIARTICULAR"
MELOXICAM,TABLET,ORAL,7.5MG,MELOXICAM,AUROBINDO PHARMA LTD,"Oct 2, 2006",MELOXICAM||7.5MG||TABLET||ORAL
BUPIVACAINE; MELOXICAM,"SOLUTION, EXTENDED RELEASE",PERIARTICULAR,200MG/7ML (29.25MG/ML); 6MG/7ML (0.88MG/ML),ZYNRELEF KIT,HERON THERAPEUTICS INC,"May 12, 2021","BUPIVACAINE; MELOXICAM||200MG/7ML (29.25MG/ML); 6MG/7ML (0.88MG/ML)||SOLUTION, EXTENDED RELEASE||PERIARTICULAR"
MELOXICAM,CAPSULE,ORAL,10MG,MELOXICAM,NOVITIUM PHARMA LLC,"Mar 9, 2021",MELOXICAM||10MG||CAPSULE||ORAL
MELOXICAM,TABLET,ORAL,7.5MG,MELOXICAM,ASCENT PHARMACEUTICALS INC,"Jun 7, 2023",MELOXICAM||7.5MG||TABLET||ORAL
MELOXICAM,TABLET,ORAL,15MG **Federal Register determination that product was not discontinued or withdrawn for safety or effectiveness reasons**,MOBIC,BOEHRINGER INGELHEIM PHARMACEUTICALS INC,"Aug 23, 2000",MELOXICAM||15MG **Federal Register determination that product was not discontinued or withdrawn for safety or effectiveness reasons**||TABLET||ORAL
MELOXICAM,SUSPENSION,ORAL,7.5MG/5ML,MELOXICAM,AVONDALE PHARMACEUTICALS LLC,"Jun 1, 2004",MELOXICAM||7.5MG/5ML||SUSPENSION||ORAL
MELOXICAM,TABLET,ORAL,7.5MG,MELOXICAM,CIPLA LTD,"Jul 19, 2006",MELOXICAM||7.5MG||TABLET||ORAL
BUPIVACAINE; MELOXICAM,"SOLUTION, EXTENDED RELEASE",PERIARTICULAR,400MG/14ML (29.25MG/ML); 12MG/14ML (0.88MG/ML),ZYNRELEF KIT,HERON THERAPEUTICS INC,"May 12, 2021","BUPIVACAINE; MELOXICAM||400MG/14ML (29.25MG/ML); 12MG/14ML (0.88MG/ML)||SOLUTION, EXTENDED RELEASE||PERIARTICULAR"
MELOXICAM,SOLUTION,INTRAVENOUS,30MG/ML (30MG/ML) **Federal Register determination that product was not discontinued or withdrawn for safety or effectiveness reasons**,ANJESO,BAUDAX BIO INC,"Feb 20, 2020",MELOXICAM||30MG/ML (30MG/ML) **Federal Register determination that product was not discontinued or withdrawn for safety or effectiveness reasons**||SOLUTION||INTRAVENOUS
MELOXICAM,TABLET,ORAL,15MG,MELOXICAM,NOVITIUM PHARMA LLC,"May 13, 2009",MELOXICAM||15MG||TABLET||ORAL
MELOXICAM,TABLET,ORAL,15MG,MELOXICAM,UNICHEM LABORATORIES LTD,"Dec 20, 2006",MELOXICAM||15MG||TABLET||ORAL
MELOXICAM,TABLET,ORAL,7.5MG **Federal Register determination that product was not discontinued or withdrawn for safety or effectiveness reasons**,MOBIC,BOEHRINGER INGELHEIM PHARMACEUTICALS INC,"Apr 13, 2000",MELOXICAM||7.5MG **Federal Register determination that product was not discontinued or withdrawn for safety or effectiveness reasons**||TABLET||ORAL
MELOXICAM,TABLET,ORAL,15MG,MELOXICAM,AIPING PHARMACEUTICAL INC,"Jul 19, 2006",MELOXICAM||15MG||TABLET||ORAL
MELOXICAM,TABLET,ORAL,15MG,MELOXICAM,TARO PHARMACEUTICAL INDUSTRIES LTD,"Nov 7, 2006",MELOXICAM||15MG||TABLET||ORAL
MELOXICAM,TABLET,ORAL,15MG,MELOXICAM,PURACAP PHARMACEUTICAL LLC,"Jul 19, 2006",MELOXICAM||15MG||TABLET||ORAL
BUPIVACAINE; MELOXICAM,"SOLUTION, EXTENDED RELEASE",PERIARTICULAR,300MG/10.5ML (29.25MG/ML); 9MG/10.5ML (0.88MG/ML),ZYNRELEF KIT,HERON THERAPEUTICS INC,"May 12, 2021","BUPIVACAINE; MELOXICAM||300MG/10.5ML (29.25MG/ML); 9MG/10.5ML (0.88MG/ML)||SOLUTION, EXTENDED RELEASE||PERIARTICULAR"
MELOXICAM,SOLUTION,INTRAVENOUS,30MG/ML (30MG/ML),XIFYRM,AZURITY PHARMACEUTICALS INC,"Jun 5, 2025",MELOXICAM||30MG/ML (30MG/ML)||SOLUTION||INTRAVENOUS
MELOXICAM,TABLET,ORAL,7.5MG,MELOXICAM,CHINA RESOURCES DOUBLE CRANE PHARMACEUTICAL CO LTD,"Dec 14, 2006",MELOXICAM||7.5MG||TABLET||ORAL
MELOXICAM,TABLET,ORAL,7.5MG,MELOXICAM,IMPAX LABORATORIES INC,"Jul 19, 2006",MELOXICAM||7.5MG||TABLET||ORAL
MELOXICAM,TABLET,ORAL,7.5MG,MELOXICAM,CHARTWELL RX SCIENCES LLC,"Jul 19, 2006",MELOXICAM||7.5MG||TABLET||ORAL
CELECOXIB,CAPSULE,ORAL,100MG,CELECOXIB,YILING PHARMACEUTICAL LTD,"Mar 6, 2020",CELECOXIB||100MG||CAPSULE||ORAL
CELECOXIB,CAPSULE,ORAL,100MG,CELECOXIB,MACLEODS PHARMACEUTICALS LTD,"Mar 16, 2016",CELECOXIB||100MG||CAPSULE||ORAL
CELECOXIB,CAPSULE,ORAL,200MG,CELECOXIB,YILING PHARMACEUTICAL LTD,"Mar 6, 2020",CELECOXIB||200MG||CAPSULE||ORAL
CELECOXIB,CAPSULE,ORAL,200MG,CELECOXIB,TORRENT PHARMACEUTICALS LTD,"Dec 23, 2015",CELECOXIB||200MG||CAPSULE||ORAL
CELECOXIB,CAPSULE,ORAL,100MG,CELECOXIB,TEVA PHARMACEUTICALS USA INC,"May 30, 2014",CELECOXIB||100MG||CAPSULE||ORAL
CELECOXIB,CAPSULE,ORAL,100MG,CELECOXIB,QINGDAO BAHEAL PHARMACEUTICAL CO LTD,"Aug 7, 2019",CELECOXIB||100MG||CAPSULE||ORAL
CELECOXIB,CAPSULE,ORAL,50MG,CELECOXIB,CADILA PHARMACEUTICALS LTD,"Nov 14, 2019",CELECOXIB||50MG||CAPSULE||ORAL
CELECOXIB,CAPSULE,ORAL,50MG,CELECOXIB,ALEMBIC PHARMACEUTICALS LTD,"Aug 21, 2015",CELECOXIB||50MG||CAPSULE||ORAL
CELECOXIB; TRAMADOL HYDROCHLORIDE,TABLET,ORAL,56MG; 44MG,SEGLENTIS,KOWA PHARMACEUTICALS AMERICA INC,"Oct 15, 2021",CELECOXIB; TRAMADOL HYDROCHLORIDE||56MG; 44MG||TABLET||ORAL
CELECOXIB,CAPSULE,ORAL,400MG,CELECOXIB,WATSON LABORATORIES INC,"Feb 11, 2015",CELECOXIB||400MG||CAPSULE||ORAL
CELECOXIB,CAPSULE,ORAL,200MG,CELECOXIB,YABAO PHARMACEUTICAL CO LTD BEIJING,"Apr 10, 2023",CELECOXIB||200MG||CAPSULE||ORAL
CELECOXIB,CAPSULE,ORAL,400MG,CELEBREX,UPJOHN US 2 LLC,"Aug 29, 2002",CELECOXIB||400MG||CAPSULE||ORAL
CELECOXIB,CAPSULE,ORAL,200MG,CELECOXIB,UMEDICA LABORATORIES PRIVATE LTD,"Nov 27, 2019",CELECOXIB||200MG||CAPSULE||ORAL
CELECOXIB,CAPSULE,ORAL,100MG,CELECOXIB,PHARMOBEDIENT CONSULTING LLC,"Feb 11, 2015",CELECOXIB||100MG||CAPSULE||ORAL
CELECOXIB,CAPSULE,ORAL,50MG,CELECOXIB,MICRO LABS LTD,"Apr 30, 2018",CELECOXIB||50MG||CAPSULE||ORAL
CELECOXIB,CAPSULE,ORAL,200MG,CELECOXIB,SCIEGEN PHARMACEUTICALS INC,"Dec 3, 2020",CELECOXIB||200MG||CAPSULE||ORAL
CELECOXIB,CAPSULE,ORAL,200MG,CELECOXIB,AUROBINDO PHARMA LTD,"Feb 1, 2016",CELECOXIB||200MG||CAPSULE||ORAL
CELECOXIB,CAPSULE,ORAL,200MG,CELECOXIB,CADILA PHARMACEUTICALS LTD,"Nov 14, 2019",CELECOXIB||200MG||CAPSULE||ORAL
CELECOXIB,CAPSULE,ORAL,200MG,CELECOXIB,STRIDES PHARMA GLOBAL PTE LTD,"Apr 29, 2025",CELECOXIB||200MG||CAPSULE||ORAL
CELECOXIB,CAPSULE,ORAL,200MG,CELECOXIB,UNICHEM LABORATORIES LTD,"Jan 12, 2021",CELECOXIB||200MG||CAPSULE||ORAL
CELECOXIB,CAPSULE,ORAL,100MG,CELECOXIB,APOTEX INC,"Jun 2, 2015",CELECOXIB||100MG||CAPSULE||ORAL
CELECOXIB,CAPSULE,ORAL,100MG,CELECOXIB,STRIDES PHARMA GLOBAL PTE LTD,"Apr 29, 2025",CELECOXIB||100MG||CAPSULE||ORAL
CELECOXIB,CAPSULE,ORAL,400MG,CELECOXIB,CADILA PHARMACEUTICALS LTD,"Nov 14, 2019",CELECOXIB||400MG||CAPSULE||ORAL
CELECOXIB,CAPSULE,ORAL,100MG,CELECOXIB,YABAO PHARMACEUTICAL CO LTD BEIJING,"Apr 10, 2023",CELECOXIB||100MG||CAPSULE||ORAL
CELECOXIB,CAPSULE,ORAL,100MG,CELECOXIB,AUROBINDO PHARMA LTD,"Feb 1, 2016",CELECOXIB||100MG||CAPSULE||ORAL
CELECOXIB,CAPSULE,ORAL,50MG,CELECOXIB,UMEDICA LABORATORIES PRIVATE LTD,"Nov 27, 2019",CELECOXIB||50MG||CAPSULE||ORAL
CELECOXIB,CAPSULE,ORAL,100MG,CELECOXIB,LUPIN LTD,"Jun 9, 2015",CELECOXIB||100MG||CAPSULE||ORAL
CELECOXIB,CAPSULE,ORAL,400MG,CELECOXIB,YILING PHARMACEUTICAL LTD,"Mar 6, 2020",CELECOXIB||400MG||CAPSULE||ORAL
CELECOXIB,CAPSULE,ORAL,100MG,CELECOXIB,TORRENT PHARMACEUTICALS LTD,"Dec 23, 2015",CELECOXIB||100MG||CAPSULE||ORAL
CELECOXIB,CAPSULE,ORAL,200MG,CELECOXIB,PANGEA PHARMACEUTICALS LLC,"Dec 9, 2020",CELECOXIB||200MG||CAPSULE||ORAL
CELECOXIB,CAPSULE,ORAL,50MG,CELECOXIB,CIPLA LTD,"Sep 23, 2015",CELECOXIB||50MG||CAPSULE||ORAL
CELECOXIB,CAPSULE,ORAL,200MG,CELECOXIB,JUBILANT GENERICS LTD,"Apr 4, 2017",CELECOXIB||200MG||CAPSULE||ORAL
CELECOXIB,CAPSULE,ORAL,400MG,CELECOXIB,CIPLA LTD,"Sep 23, 2015",CELECOXIB||400MG||CAPSULE||ORAL
CELECOXIB,CAPSULE,ORAL,50MG,CELECOXIB,YILING PHARMACEUTICAL LTD,"Mar 6, 2020",CELECOXIB||50MG||CAPSULE||ORAL
CELECOXIB,CAPSULE,ORAL,400MG,CELECOXIB,PANGEA PHARMACEUTICALS LLC,"Dec 9, 2020",CELECOXIB||400MG||CAPSULE||ORAL
CELECOXIB,CAPSULE,ORAL,200MG,CELECOXIB,AMNEAL PHARMACEUTICALS OF NEW YORK LLC,"May 31, 2018",CELECOXIB||200MG||CAPSULE||ORAL
CELECOXIB,SOLUTION,ORAL,25MG/ML,ELYXYB,SCILEX PHARMACEUTICALS INC,"May 5, 2020",CELECOXIB||25MG/ML||SOLUTION||ORAL
CELECOXIB,CAPSULE,ORAL,50MG,CELECOXIB,ZYDUS PHARMACEUTICALS USA INC,"Jul 14, 2025",CELECOXIB||50MG||CAPSULE||ORAL
CELECOXIB,CAPSULE,ORAL,400MG,CELECOXIB,MACLEODS PHARMACEUTICALS LTD,"Mar 16, 2016",CELECOXIB||400MG||CAPSULE||ORAL
CELECOXIB,CAPSULE,ORAL,100MG,CELECOXIB,ZYDUS PHARMACEUTICALS USA INC,"Jul 14, 2025",CELECOXIB||100MG||CAPSULE||ORAL
DICLOFENAC SODIUM,SOLUTION,TOPICAL,1.5%,DICLOFENAC SODIUM,LUPIN LTD,"Aug 20, 2015",DICLOFENAC SODIUM||1.5%||SOLUTION||TOPICAL
DICLOFENAC SODIUM,SOLUTION/DROPS,OPHTHALMIC,0.1%,DICLOFENAC SODIUM,FALCON PHARMACEUTICALS LTD,"May 4, 1998",DICLOFENAC SODIUM||0.1%||SOLUTION/DROPS||OPHTHALMIC
DICLOFENAC SODIUM,"TABLET, DELAYED RELEASE",ORAL,75MG,DICLOFENAC SODIUM,CHARTWELL RX SCIENCES LLC,"Nov 30, 1995","DICLOFENAC SODIUM||75MG||TABLET, DELAYED RELEASE||ORAL"
DICLOFENAC SODIUM,"TABLET, DELAYED RELEASE",ORAL,25MG,DICLOFENAC SODIUM,UNIQUE PHARMACEUTICAL LABORATORIES A DIV OF JB CHEMICALS AND PHARMACEUTICALS LTD,"Dec 1, 2010","DICLOFENAC SODIUM||25MG||TABLET, DELAYED RELEASE||ORAL"
DICLOFENAC SODIUM,SOLUTION,INTRAVENOUS,37.5MG/ML (37.5MG/ML) **Federal Register determination that product was not discontinued or withdrawn for safety or effectiveness reasons**,DYLOJECT,JAVELIN PHARMACEUTICALS INC A WHOLLY OWNED SUDSIDIARY OF HOSPIRA INC,"Dec 23, 2014",DICLOFENAC SODIUM||37.5MG/ML (37.5MG/ML) **Federal Register determination that product was not discontinued or withdrawn for safety or effectiveness reasons**||SOLUTION||INTRAVENOUS
DICLOFENAC SODIUM,GEL,TOPICAL,3%,DICLOFENAC SODIUM,ACTAVIS MID ATLANTIC LLC,"Dec 2, 2015",DICLOFENAC SODIUM||3%||GEL||TOPICAL
DICLOFENAC SODIUM,GEL,TOPICAL,3%,DICLOFENAC SODIUM,ALEMBIC PHARMACEUTICALS LTD,"Jul 27, 2022",DICLOFENAC SODIUM||3%||GEL||TOPICAL
DICLOFENAC SODIUM; MISOPROSTOL,"TABLET, DELAYED RELEASE",ORAL,75MG; 0.2MG,DICLOFENAC SODIUM AND MISOPROSTOL,ACTAVIS LABORATORIES FL INC,"Jul 9, 2012","DICLOFENAC SODIUM; MISOPROSTOL||75MG; 0.2MG||TABLET, DELAYED RELEASE||ORAL"
DICLOFENAC SODIUM,"TABLET, DELAYED RELEASE",ORAL,50MG,DICLOFENAC SODIUM,TEVA PHARMACEUTICALS USA INC,"Mar 30, 1999","DICLOFENAC SODIUM||50MG||TABLET, DELAYED RELEASE||ORAL"
DICLOFENAC SODIUM,GEL,TOPICAL,3%,DICLOFENAC SODIUM,SUN PHARMA CANADA INC,"Apr 28, 2016",DICLOFENAC SODIUM||3%||GEL||TOPICAL
DICLOFENAC SODIUM,SOLUTION/DROPS,OPHTHALMIC,0.1%,DICLOFENAC SODIUM,RUBICON RESEARCH LTD,"Nov 13, 2008",DICLOFENAC SODIUM||0.1%||SOLUTION/DROPS||OPHTHALMIC
DICLOFENAC SODIUM,SOLUTION,TOPICAL,1.5%,DICLOFENAC SODIUM,PAI HOLDINGS LLC DBA PHARMACEUTICAL ASSOCIATES INC,"Jul 8, 2015",DICLOFENAC SODIUM||1.5%||SOLUTION||TOPICAL
DICLOFENAC SODIUM,"TABLET, DELAYED RELEASE",ORAL,50MG,DICLOFENAC SODIUM,CHARTWELL RX SCIENCES LLC,"Sep 28, 1995","DICLOFENAC SODIUM||50MG||TABLET, DELAYED RELEASE||ORAL"
DICLOFENAC SODIUM,GEL,TOPICAL,1%,DICLOFENAC SODIUM,HIKMA PHARMACEUTICALS USA INC,"Nov 21, 2018",DICLOFENAC SODIUM||1%||GEL||TOPICAL
DICLOFENAC SODIUM,SOLUTION/DROPS,OPHTHALMIC,0.1%,DICLOFENAC SODIUM,SANDOZ INC,"Feb 6, 2008",DICLOFENAC SODIUM||0.1%||SOLUTION/DROPS||OPHTHALMIC
DICLOFENAC SODIUM,"TABLET, EXTENDED RELEASE",ORAL,100MG,DICLOFENAC SODIUM,NOVAST LABORATORIES LTD,"Sep 23, 2022","DICLOFENAC SODIUM||100MG||TABLET, EXTENDED RELEASE||ORAL"
DICLOFENAC SODIUM,"TABLET, DELAYED RELEASE",ORAL,50MG,DICLOFENAC SODIUM,MICRO LABS LTD,"Feb 26, 1999","DICLOFENAC SODIUM||50MG||TABLET, DELAYED RELEASE||ORAL"
DICLOFENAC SODIUM,"TABLET, DELAYED RELEASE",ORAL,75MG,DICLOFENAC SODIUM,RUBICON RESEARCH LTD,"May 11, 2023","DICLOFENAC SODIUM||75MG||TABLET, DELAYED RELEASE||ORAL"
DICLOFENAC SODIUM,GEL,TOPICAL,1%,DICLOFENAC SODIUM,CIPLA LTD,"Aug 3, 2018",DICLOFENAC SODIUM||1%||GEL||TOPICAL
DICLOFENAC SODIUM,"TABLET, DELAYED RELEASE",ORAL,25MG,DICLOFENAC SODIUM,TEVA PHARMACEUTICALS USA,"Jun 25, 1997","DICLOFENAC SODIUM||25MG||TABLET, DELAYED RELEASE||ORAL"
DICLOFENAC SODIUM,"TABLET, DELAYED RELEASE",ORAL,75MG,DICLOFENAC SODIUM,ACTAVIS ELIZABETH LLC,"Mar 26, 1996","DICLOFENAC SODIUM||75MG||TABLET, DELAYED RELEASE||ORAL"
DICLOFENAC SODIUM,"TABLET, DELAYED RELEASE",ORAL,25MG **Federal Register determination that product was not discontinued or withdrawn for safety or effectiveness reasons**,VOLTAREN,NOVARTIS PHARMACEUTICALS CORP,"Jul 28, 1988","DICLOFENAC SODIUM||25MG **Federal Register determination that product was not discontinued or withdrawn for safety or effectiveness reasons**||TABLET, DELAYED RELEASE||ORAL"
DICLOFENAC SODIUM,SOLUTION,TOPICAL,2%,DICLOFENAC SODIUM,SUN PHARMA CANADA INC,"Sep 29, 2022",DICLOFENAC SODIUM||2%||SOLUTION||TOPICAL
DICLOFENAC SODIUM,"TABLET, DELAYED RELEASE",ORAL,50MG,DICLOFENAC SODIUM,ACTAVIS ELIZABETH LLC,"Mar 26, 1996","DICLOFENAC SODIUM||50MG||TABLET, DELAYED RELEASE||ORAL"
DICLOFENAC SODIUM,"TABLET, DELAYED RELEASE",ORAL,50MG,DICLOFENAC SODIUM,CARLSBAD TECHNOLOGY INC,"Nov 13, 1998","DICLOFENAC SODIUM||50MG||TABLET, DELAYED RELEASE||ORAL"
DICLOFENAC SODIUM,"TABLET, EXTENDED RELEASE",ORAL,100MG,DICLOFENAC SODIUM,ACTAVIS ELIZABETH LLC,"Jan 7, 2002","DICLOFENAC SODIUM||100MG||TABLET, EXTENDED RELEASE||ORAL"
DICLOFENAC SODIUM,"TABLET, DELAYED RELEASE",ORAL,75MG,DICLOFENAC SODIUM,ROXANE LABORATORIES INC,"Jun 29, 1995","DICLOFENAC SODIUM||75MG||TABLET, DELAYED RELEASE||ORAL"
DICLOFENAC SODIUM,SOLUTION,TOPICAL,1.5%,DICLOFENAC SODIUM,NOVEL LABORATORIES INC,"Dec 9, 2015",DICLOFENAC SODIUM||1.5%||SOLUTION||TOPICAL
DICLOFENAC SODIUM; MISOPROSTOL,"TABLET, DELAYED RELEASE",ORAL,75MG; 0.2MG,DICLOFENAC SODIUM AND MISOPROSTOL,YUNG SHIN PHARMACEUTICAL INDUSTRIAL CO LTD,"Feb 19, 2020","DICLOFENAC SODIUM; MISOPROSTOL||75MG; 0.2MG||TABLET, DELAYED RELEASE||ORAL"
DICLOFENAC SODIUM,"TABLET, EXTENDED RELEASE",ORAL,100MG,DICLOFENAC SODIUM,DEXCEL LTD,"Nov 6, 2002","DICLOFENAC SODIUM||100MG||TABLET, EXTENDED RELEASE||ORAL"
DICLOFENAC SODIUM,SOLUTION/DROPS,OPHTHALMIC,0.1%,DICLOFENAC SODIUM,BAUSCH AND LOMB INC,"Dec 28, 2007",DICLOFENAC SODIUM||0.1%||SOLUTION/DROPS||OPHTHALMIC
DICLOFENAC SODIUM,"TABLET, DELAYED RELEASE",ORAL,75MG **Federal Register determination that product was not discontinued or withdrawn for safety or effectiveness reasons**,VOLTAREN,NOVARTIS PHARMACEUTICALS CORP,"Jul 28, 1988","DICLOFENAC SODIUM||75MG **Federal Register determination that product was not discontinued or withdrawn for safety or effectiveness reasons**||TABLET, DELAYED RELEASE||ORAL"
DICLOFENAC SODIUM,"TABLET, DELAYED RELEASE",ORAL,50MG,DICLOFENAC SODIUM,UMEDICA LABORATORIES PRIVATE LTD,"Nov 5, 2025","DICLOFENAC SODIUM||50MG||TABLET, DELAYED RELEASE||ORAL"
DICLOFENAC SODIUM,SOLUTION,TOPICAL,2% **Federal Register determination that product was not discontinued or withdrawn for safety or effectiveness reasons**,PENNSAID,HORIZON THERAPEUTICS IRELAND DAC,"Jan 16, 2014",DICLOFENAC SODIUM||2% **Federal Register determination that product was not discontinued or withdrawn for safety or effectiveness reasons**||SOLUTION||TOPICAL
DICLOFENAC SODIUM,"TABLET, DELAYED RELEASE",ORAL,75MG,DICLOFENAC SODIUM,PLIVA INC,"Jul 29, 1999","DICLOFENAC SODIUM||75MG||TABLET, DELAYED RELEASE||ORAL"
DICLOFENAC SODIUM,"TABLET, DELAYED RELEASE",ORAL,75MG,DICLOFENAC SODIUM,TEVA PHARMACEUTICALS USA INC,"Aug 15, 1996","DICLOFENAC SODIUM||75MG||TABLET, DELAYED RELEASE||ORAL"
DICLOFENAC SODIUM; MISOPROSTOL,"TABLET, DELAYED RELEASE",ORAL,50MG; 0.2MG,DICLOFENAC SODIUM AND MISOPROSTOL,SANDOZ INC,"May 9, 2013","DICLOFENAC SODIUM; MISOPROSTOL||50MG; 0.2MG||TABLET, DELAYED RELEASE||ORAL"
DICLOFENAC SODIUM; MISOPROSTOL,"TABLET, DELAYED RELEASE",ORAL,75MG; 0.2MG,DICLOFENAC SODIUM AND MISOPROSTOL,EXELA HOLDINGS INC,"Mar 14, 2014","DICLOFENAC SODIUM; MISOPROSTOL||75MG; 0.2MG||TABLET, DELAYED RELEASE||ORAL"
DICLOFENAC SODIUM,SOLUTION,INTRAVENOUS,37.5MG/ML (37.5MG/ML),DICLOFENAC SODIUM,RISING PHARMA HOLDING INC,"Jun 18, 2019",DICLOFENAC SODIUM||37.5MG/ML (37.5MG/ML)||SOLUTION||INTRAVENOUS
DICLOFENAC SODIUM,SOLUTION,TOPICAL,1.5%,DICLOFENAC SODIUM,ZYDUS LIFESCIENCES LTD,"Apr 17, 2018",DICLOFENAC SODIUM||1.5%||SOLUTION||TOPICAL
NAPROXEN,TABLET,ORAL,500MG,NAPROXEN,TEVA PHARMACEUTICALS USA INC,"Apr 11, 1996",NAPROXEN||500MG||TABLET||ORAL
NAPROXEN,"TABLET, DELAYED RELEASE",ORAL,375MG,NAPROXEN,NUVO PHAMACEUTICALS INC,"Sep 19, 2011","NAPROXEN||375MG||TABLET, DELAYED RELEASE||ORAL"
NAPROXEN,TABLET,ORAL,250MG,NAPROXEN,WATSON LABORATORIES INC AN INDIRECT WHOLLY OWNED SUB OF TEVA PHARMACEUTICALS USA INC,"Feb 10, 1995",NAPROXEN||250MG||TABLET||ORAL
LANSOPRAZOLE; NAPROXEN,"CAPSULE, DELAYED REL PELLETS, TABLET",ORAL,"15MG,N/A; N/A,500MG",PREVACID NAPRAPAC 500 (COPACKAGED),TAKEDA PHARMACEUTICALS NORTH AMERICA INC,"Nov 14, 2003","LANSOPRAZOLE; NAPROXEN||15MG,N/A; N/A,500MG||CAPSULE, DELAYED REL PELLETS, TABLET||ORAL"
ESOMEPRAZOLE MAGNESIUM; NAPROXEN,"TABLET, DELAYED RELEASE",ORAL,EQ 20MG BASE; 375MG,NAPROXEN AND ESOMEPRAZOLE MAGNESIUM,PHARMOBEDIENT CONSULTING LLC,"Jul 20, 2021","ESOMEPRAZOLE MAGNESIUM; NAPROXEN||EQ 20MG BASE; 375MG||TABLET, DELAYED RELEASE||ORAL"
NAPROXEN SODIUM; SUMATRIPTAN SUCCINATE,TABLET,ORAL,500MG; EQ 85MG BASE,SUMATRIPTAN AND NAPROXEN SODIUM,RISING PHARMA HOLDINGS INC,"Sep 4, 2018",NAPROXEN SODIUM; SUMATRIPTAN SUCCINATE||500MG; EQ 85MG BASE||TABLET||ORAL
NAPROXEN SODIUM,TABLET,ORAL,EQ 250MG BASE,NAPROXEN SODIUM,SCIEGEN PHARMACEUTICALS INC,"Oct 30, 2019",NAPROXEN SODIUM||EQ 250MG BASE||TABLET||ORAL
LANSOPRAZOLE; NAPROXEN,"CAPSULE, DELAYED REL PELLETS, TABLET",ORAL,"15MG,N/A; N/A,375MG",PREVACID NAPRAPAC 375 (COPACKAGED),TAKEDA PHARMACEUTICALS NORTH AMERICA INC,"Nov 14, 2003","LANSOPRAZOLE; NAPROXEN||15MG,N/A; N/A,375MG||CAPSULE, DELAYED REL PELLETS, TABLET||ORAL"
NAPROXEN,TABLET,ORAL,250MG,NAPROXEN,L PERRIGO CO,"Apr 27, 2005",NAPROXEN||250MG||TABLET||ORAL
NAPROXEN SODIUM; PSEUDOEPHEDRINE HYDROCHLORIDE,"TABLET, EXTENDED RELEASE",ORAL,220MG; 120MG,NAPROXEN SODIUM AND PSEUDOEPHEDRINE HYDROCHLORIDE,DR REDDYS LABORATORIES INC,"Sep 27, 2006","NAPROXEN SODIUM; PSEUDOEPHEDRINE HYDROCHLORIDE||220MG; 120MG||TABLET, EXTENDED RELEASE||ORAL"
NAPROXEN SODIUM,TABLET,ORAL,EQ 250MG BASE,NAPROXEN SODIUM,PUREPAC PHARMACEUTICAL CO,"Mar 20, 1995",NAPROXEN SODIUM||EQ 250MG BASE||TABLET||ORAL
NAPROXEN SODIUM,TABLET,ORAL,EQ 250MG BASE,NAPROXEN SODIUM,WATSON LABORATORIES INC,"May 31, 1995",NAPROXEN SODIUM||EQ 250MG BASE||TABLET||ORAL
NAPROXEN SODIUM,TABLET,ORAL,EQ 500MG BASE,NAPROXEN SODIUM,ROXANE LABORATORIES INC,"Dec 21, 1993",NAPROXEN SODIUM||EQ 500MG BASE||TABLET||ORAL
NAPROXEN,TABLET,ORAL,500MG,NAPROXEN,GLENMARK PHARMACEUTICALS LTD,"Mar 28, 2007",NAPROXEN||500MG||TABLET||ORAL
ESOMEPRAZOLE MAGNESIUM; NAPROXEN,"TABLET, DELAYED RELEASE",ORAL,EQ 20MG BASE; 375MG,NAPROXEN AND ESOMEPRAZOLE MAGNESIUM,AJANTA PHARMA LTD,"Oct 6, 2022","ESOMEPRAZOLE MAGNESIUM; NAPROXEN||EQ 20MG BASE; 375MG||TABLET, DELAYED RELEASE||ORAL"
NAPROXEN SODIUM,TABLET,ORAL,220MG,ALEVE,BAYER HEALTHCARE LLC,"Jan 11, 1994",NAPROXEN SODIUM||220MG||TABLET||ORAL
NAPROXEN SODIUM,TABLET,ORAL,EQ 500MG BASE,NAPROXEN SODIUM,ROXANE LABORATORIES INC,"Dec 21, 1993",NAPROXEN SODIUM||EQ 500MG BASE||TABLET||ORAL
NAPROXEN,SUSPENSION,ORAL,25MG/ML,NAPROXEN,NOVITIUM PHARMA LLC,"Mar 10, 2021",NAPROXEN||25MG/ML||SUSPENSION||ORAL
NAPROXEN,"TABLET, DELAYED RELEASE",ORAL,375MG,NAPROXEN,NOVITIUM PHARMA LLC,"Jun 12, 2024","NAPROXEN||375MG||TABLET, DELAYED RELEASE||ORAL"
NAPROXEN,SUSPENSION,ORAL,25MG/ML,NAPROXEN,AUROBINDO PHARMA LTD,"Oct 3, 2025",NAPROXEN||25MG/ML||SUSPENSION||ORAL
NAPROXEN,TABLET,ORAL,500MG,NAPROXEN,ROXANE LABORATORIES INC,"Feb 28, 1994",NAPROXEN||500MG||TABLET||ORAL
ESOMEPRAZOLE MAGNESIUM; NAPROXEN,"TABLET, DELAYED RELEASE",ORAL,EQ 20MG BASE; 375MG,NAPROXEN AND ESOMEPRAZOLE MAGNESIUM,ACTAVIS LABORATORIES FL INC,"Aug 24, 2022","ESOMEPRAZOLE MAGNESIUM; NAPROXEN||EQ 20MG BASE; 375MG||TABLET, DELAYED RELEASE||ORAL"
NAPROXEN SODIUM,TABLET,ORAL,220MG,ALEVE,BAYER HEALTHCARE LLC,"Jan 11, 1994",NAPROXEN SODIUM||220MG||TABLET||ORAL
NAPROXEN,TABLET,ORAL,500MG,NAPROXEN,IVAX PHARMACEUTICALS INC SUB TEVA PHARMACEUTICALS USA,"Feb 28, 1995",NAPROXEN||500MG||TABLET||ORAL
NAPROXEN,TABLET,ORAL,250MG,NAPROXEN,AMNEAL PHARMACEUTICALS NY LLC,"Dec 18, 2001",NAPROXEN||250MG||TABLET||ORAL
NAPROXEN,"TABLET, DELAYED RELEASE",ORAL,500MG,NAPROXEN,TEVA PHARMACEUTICALS USA INC,"Jun 30, 1998","NAPROXEN||500MG||TABLET, DELAYED RELEASE||ORAL"
NAPROXEN,SUSPENSION,ORAL,25MG/ML,NAPROXEN,HIKMA PHARMACEUTICALS USA INC,"Mar 30, 1994",NAPROXEN||25MG/ML||SUSPENSION||ORAL
NAPROXEN,TABLET,ORAL,500MG,NAPROXEN,CHARTWELL MOLECULES LLC,"Apr 28, 1995",NAPROXEN||500MG||TABLET||ORAL
NAPROXEN SODIUM,TABLET,ORAL,EQ 250MG BASE,NAPROXEN SODIUM,SANDOZ INC,"Dec 5, 1994",NAPROXEN SODIUM||EQ 250MG BASE||TABLET||ORAL
NAPROXEN,"TABLET, DELAYED RELEASE",ORAL,375MG,NAPROXEN,TP ANDA HOLDINGS LLC,"May 31, 2023","NAPROXEN||375MG||TABLET, DELAYED RELEASE||ORAL"
NAPROXEN SODIUM,TABLET,ORAL,EQ 250MG BASE,NAPROXEN SODIUM,PHARMOBEDIENT CONSULTING LLC,"Aug 31, 1994",NAPROXEN SODIUM||EQ 250MG BASE||TABLET||ORAL
LANSOPRAZOLE; NAPROXEN,"CAPSULE, DELAYED REL PELLETS, TABLET",ORAL,"15MG,N/A; N/A,375MG",PREVACID NAPRAPAC 375 (COPACKAGED),TAKEDA PHARMACEUTICALS NORTH AMERICA INC,"Nov 14, 2003","LANSOPRAZOLE; NAPROXEN||15MG,N/A; N/A,375MG||CAPSULE, DELAYED REL PELLETS, TABLET||ORAL"
NAPROXEN SODIUM,TABLET,ORAL,220MG,NAPROXEN SODIUM,GRANULES INDIA LTD,"Sep 20, 2011",NAPROXEN SODIUM||220MG||TABLET||ORAL
NAPROXEN SODIUM,TABLET,ORAL,EQ 500MG BASE,NAPROXEN SODIUM,SANDOZ INC,"Dec 21, 1993",NAPROXEN SODIUM||EQ 500MG BASE||TABLET||ORAL
NAPROXEN SODIUM,TABLET,ORAL,220MG,NAPROXEN SODIUM,CONTRACT PHARMACAL CORP,"Feb 27, 1997",NAPROXEN SODIUM||220MG||TABLET||ORAL
NAPROXEN SODIUM,TABLET,ORAL,EQ 500MG BASE,NAPROXEN SODIUM,WATSON LABORATORIES INC,"May 31, 1995",NAPROXEN SODIUM||EQ 500MG BASE||TABLET||ORAL
NAPROXEN SODIUM,TABLET,ORAL,EQ 500MG BASE,NAPROXEN SODIUM,PUREPAC PHARMACEUTICAL CO,"Mar 20, 1995",NAPROXEN SODIUM||EQ 500MG BASE||TABLET||ORAL
NAPROXEN,TABLET,ORAL,500MG,NAPROXEN,TEVA PHARMACEUTICALS USA INC,"Dec 21, 1993",NAPROXEN||500MG||TABLET||ORAL
NAPROXEN SODIUM,CAPSULE,ORAL,EQ 200MG BASE,NAPROXEN SODIUM,BIONPHARMA INC,"Feb 17, 2006",NAPROXEN SODIUM||EQ 200MG BASE||CAPSULE||ORAL
ESOMEPRAZOLE MAGNESIUM; NAPROXEN,"TABLET, DELAYED RELEASE",ORAL,EQ 20MG BASE; 500MG,NAPROXEN AND ESOMEPRAZOLE MAGNESIUM,PHARMOBEDIENT CONSULTING LLC,"Jul 20, 2021","ESOMEPRAZOLE MAGNESIUM; NAPROXEN||EQ 20MG BASE; 500MG||TABLET, DELAYED RELEASE||ORAL"
TRAMADOL HYDROCHLORIDE,"TABLET, EXTENDED RELEASE",ORAL,100MG,TRAMADOL HYDROCHLORIDE,MYLAN PHARMACEUTICALS INC,"Dec 22, 2015","TRAMADOL HYDROCHLORIDE||100MG||TABLET, EXTENDED RELEASE||ORAL"
TRAMADOL HYDROCHLORIDE,"TABLET, EXTENDED RELEASE",ORAL,200MG,TRAMADOL HYDROCHLORIDE,ACTAVIS ELIZABETH LLC,"Jun 27, 2012","TRAMADOL HYDROCHLORIDE||200MG||TABLET, EXTENDED RELEASE||ORAL"
TRAMADOL HYDROCHLORIDE,"TABLET, EXTENDED RELEASE",ORAL,300MG,TRAMADOL HYDROCHLORIDE,MYLAN PHARMACEUTICALS INC,"Dec 22, 2015","TRAMADOL HYDROCHLORIDE||300MG||TABLET, EXTENDED RELEASE||ORAL"
TRAMADOL HYDROCHLORIDE,"TABLET, EXTENDED RELEASE",ORAL,100MG,TRAMADOL HYDROCHLORIDE,ACTAVIS ELIZABETH LLC,"Jun 27, 2012","TRAMADOL HYDROCHLORIDE||100MG||TABLET, EXTENDED RELEASE||ORAL"
ACETAMINOPHEN; TRAMADOL HYDROCHLORIDE,TABLET,ORAL,325MG; 37.5MG,TRAMADOL HYDROCHLORIDE AND ACETAMINOPHEN,ZYDUS PHARMACEUTICALS USA INC,"Sep 6, 2012",ACETAMINOPHEN; TRAMADOL HYDROCHLORIDE||325MG; 37.5MG||TABLET||ORAL
ACETAMINOPHEN; TRAMADOL HYDROCHLORIDE,TABLET,ORAL,325MG; 37.5MG,TRAMADOL HYDROCHLORIDE AND ACETAMINOPHEN,AUROBINDO PHARMA LTD,"Mar 22, 2017",ACETAMINOPHEN; TRAMADOL HYDROCHLORIDE||325MG; 37.5MG||TABLET||ORAL
TRAMADOL HYDROCHLORIDE,"TABLET, EXTENDED RELEASE",ORAL,300MG,TRAMADOL HYDROCHLORIDE,PH HEALTH LTD,"Jun 27, 2012","TRAMADOL HYDROCHLORIDE||300MG||TABLET, EXTENDED RELEASE||ORAL"
TRAMADOL HYDROCHLORIDE,TABLET,ORAL,50MG,TRAMADOL HYDROCHLORIDE,PLIVA INC,"Jul 1, 2002",TRAMADOL HYDROCHLORIDE||50MG||TABLET||ORAL
TRAMADOL HYDROCHLORIDE,"TABLET, EXTENDED RELEASE",ORAL,100MG **Federal Register determination that product was not discontinued or withdrawn for safety or effectiveness reasons**,ULTRAM ER,VALEANT PHARMACEUTICALS NORTH AMERICA LLC,"Sep 8, 2005","TRAMADOL HYDROCHLORIDE||100MG **Federal Register determination that product was not discontinued or withdrawn for safety or effectiveness reasons**||TABLET, EXTENDED RELEASE||ORAL"
TRAMADOL HYDROCHLORIDE,"TABLET, EXTENDED RELEASE",ORAL,200MG,TRAMADOL HYDROCHLORIDE,AUROBINDO PHARMA LTD,"Oct 20, 2015","TRAMADOL HYDROCHLORIDE||200MG||TABLET, EXTENDED RELEASE||ORAL"
TRAMADOL HYDROCHLORIDE,TABLET,ORAL,50MG,TRAMADOL HYDROCHLORIDE,IPCA LABORATORIES LTD,"Nov 16, 2012",TRAMADOL HYDROCHLORIDE||50MG||TABLET||ORAL
TRAMADOL HYDROCHLORIDE,SOLUTION,ORAL,5MG/ML,QDOLO,ATHENA BIOSCIENCE LLC,"Sep 1, 2020",TRAMADOL HYDROCHLORIDE||5MG/ML||SOLUTION||ORAL
TRAMADOL HYDROCHLORIDE,TABLET,ORAL,50MG,TRAMADOL HYDROCHLORIDE,MACLEODS PHARMACEUTICALS LTD,"Sep 25, 2015",TRAMADOL HYDROCHLORIDE||50MG||TABLET||ORAL
TRAMADOL HYDROCHLORIDE,"TABLET, EXTENDED RELEASE",ORAL,300MG **Federal Register determination that product was not discontinued or withdrawn for safety or effectiveness reasons**,RYZOLT,PURDUE PHARMA PRODUCTS LP,"Dec 30, 2008","TRAMADOL HYDROCHLORIDE||300MG **Federal Register determination that product was not discontinued or withdrawn for safety or effectiveness reasons**||TABLET, EXTENDED RELEASE||ORAL"
TRAMADOL HYDROCHLORIDE,"TABLET, EXTENDED RELEASE",ORAL,200MG,TRAMADOL HYDROCHLORIDE,STRIDES PHARMA INTERNATIONAL AG,"Nov 13, 2009","TRAMADOL HYDROCHLORIDE||200MG||TABLET, EXTENDED RELEASE||ORAL"
TRAMADOL HYDROCHLORIDE,"TABLET, EXTENDED RELEASE",ORAL,100MG,TRAMADOL HYDROCHLORIDE,STRIDES PHARMA INTERNATIONAL AG,"Nov 13, 2009","TRAMADOL HYDROCHLORIDE||100MG||TABLET, EXTENDED RELEASE||ORAL"
TRAMADOL HYDROCHLORIDE,"TABLET, EXTENDED RELEASE",ORAL,100MG,TRAMADOL HYDROCHLORIDE,SUN PHARMACEUTICAL INDUSTRIES LTD,"Dec 7, 2011","TRAMADOL HYDROCHLORIDE||100MG||TABLET, EXTENDED RELEASE||ORAL"
CELECOXIB; TRAMADOL HYDROCHLORIDE,TABLET,ORAL,56MG; 44MG,SEGLENTIS,KOWA PHARMACEUTICALS AMERICA INC,"Oct 15, 2021",CELECOXIB; TRAMADOL HYDROCHLORIDE||56MG; 44MG||TABLET||ORAL
TRAMADOL HYDROCHLORIDE,"TABLET, EXTENDED RELEASE",ORAL,100MG,TRAMADOL HYDROCHLORIDE,LUPIN LTD,"Aug 29, 2011","TRAMADOL HYDROCHLORIDE||100MG||TABLET, EXTENDED RELEASE||ORAL"
TRAMADOL HYDROCHLORIDE,"TABLET, EXTENDED RELEASE",ORAL,200MG,TRAMADOL HYDROCHLORIDE,ACTAVIS ELIZABETH LLC,"Jun 27, 2012","TRAMADOL HYDROCHLORIDE||200MG||TABLET, EXTENDED RELEASE||ORAL"
TRAMADOL HYDROCHLORIDE,TABLET,ORAL,50MG,TRAMADOL HYDROCHLORIDE,ASTA MEDICA INC,"Jul 12, 2002",TRAMADOL HYDROCHLORIDE||50MG||TABLET||ORAL
TRAMADOL HYDROCHLORIDE,"CAPSULE, EXTENDED RELEASE",ORAL,150MG,CONZIP,CIPHER PHARMACEUTICALS INC,"Aug 1, 2011","TRAMADOL HYDROCHLORIDE||150MG||CAPSULE, EXTENDED RELEASE||ORAL"
TRAMADOL HYDROCHLORIDE,"TABLET, EXTENDED RELEASE",ORAL,300MG,TRAMADOL HYDROCHLORIDE,ACTAVIS ELIZABETH LLC,"Jun 27, 2012","TRAMADOL HYDROCHLORIDE||300MG||TABLET, EXTENDED RELEASE||ORAL"
TRAMADOL HYDROCHLORIDE,TABLET,ORAL,50MG **Federal Register determination that product was not discontinued or withdrawn for safety or effectiveness reasons**,ULTRAM,JANSSEN PHARMACEUTICALS INC,"Mar 3, 1995",TRAMADOL HYDROCHLORIDE||50MG **Federal Register determination that product was not discontinued or withdrawn for safety or effectiveness reasons**||TABLET||ORAL
ACETAMINOPHEN; TRAMADOL HYDROCHLORIDE,TABLET,ORAL,325MG; 37.5MG,TRAMADOL HYDROCHLORIDE AND ACETAMINOPHEN,MACLEODS PHARMACEUTICALS LTD,"May 2, 2017",ACETAMINOPHEN; TRAMADOL HYDROCHLORIDE||325MG; 37.5MG||TABLET||ORAL
TRAMADOL HYDROCHLORIDE,TABLET,ORAL,50MG,TRAMADOL HYDROCHLORIDE,MYLAN PHARMACEUTICALS INC,"Jun 21, 2002",TRAMADOL HYDROCHLORIDE||50MG||TABLET||ORAL
TRAMADOL HYDROCHLORIDE,"TABLET, EXTENDED RELEASE",ORAL,100MG,TRAMADOL HYDROCHLORIDE,SUN PHARMACEUTICAL INDUSTRIES LTD,"Dec 30, 2011","TRAMADOL HYDROCHLORIDE||100MG||TABLET, EXTENDED RELEASE||ORAL"
TRAMADOL HYDROCHLORIDE,"TABLET, EXTENDED RELEASE",ORAL,300MG,TRAMADOL HYDROCHLORIDE,ACTAVIS ELIZABETH LLC,"Jun 27, 2012","TRAMADOL HYDROCHLORIDE||300MG||TABLET, EXTENDED RELEASE||ORAL"
ACETAMINOPHEN; TRAMADOL HYDROCHLORIDE,TABLET,ORAL,325MG; 37.5MG,TRAMADOL HYDROCHLORIDE AND ACETAMINOPHEN,SUN PHARMACEUTICAL INDUSTRIES INC,"Dec 16, 2005",ACETAMINOPHEN; TRAMADOL HYDROCHLORIDE||325MG; 37.5MG||TABLET||ORAL
TRAMADOL HYDROCHLORIDE,SOLUTION,ORAL,5MG/ML,QDOLO,ATHENA BIOSCIENCE LLC,"Sep 1, 2020",TRAMADOL HYDROCHLORIDE||5MG/ML||SOLUTION||ORAL
TRAMADOL HYDROCHLORIDE,"CAPSULE, EXTENDED RELEASE",ORAL,300MG,CONZIP,CIPHER PHARMACEUTICALS INC,"May 7, 2010","TRAMADOL HYDROCHLORIDE||300MG||CAPSULE, EXTENDED RELEASE||ORAL"
TRAMADOL HYDROCHLORIDE,TABLET,ORAL,100MG **Federal Register determination that product was not discontinued or withdrawn for safety or effectiveness reasons**,ULTRAM,JANSSEN PHARMACEUTICALS INC,"Mar 3, 1995",TRAMADOL HYDROCHLORIDE||100MG **Federal Register determination that product was not discontinued or withdrawn for safety or effectiveness reasons**||TABLET||ORAL
TRAMADOL HYDROCHLORIDE,"TABLET, EXTENDED RELEASE",ORAL,200MG,TRAMADOL HYDROCHLORIDE,PH HEALTH LTD,"Jun 27, 2012","TRAMADOL HYDROCHLORIDE||200MG||TABLET, EXTENDED RELEASE||ORAL"
TRAMADOL HYDROCHLORIDE,TABLET,ORAL,75MG,TRAMADOL HYDROCHLORIDE,RUBICON RESEARCH LTD,"Apr 4, 2024",TRAMADOL HYDROCHLORIDE||75MG||TABLET||ORAL
TRAMADOL HYDROCHLORIDE,"TABLET, EXTENDED RELEASE",ORAL,300MG,TRAMADOL HYDROCHLORIDE,MACLEODS PHARMACEUTICALS LTD,"Jan 31, 2025","TRAMADOL HYDROCHLORIDE||300MG||TABLET, EXTENDED RELEASE||ORAL"
TRAMADOL HYDROCHLORIDE,TABLET,ORAL,50MG,TRAMADOL HYDROCHLORIDE,GRAVITI PHARMACEUTICALS PRIVATE LTD,"Jun 25, 2002",TRAMADOL HYDROCHLORIDE||50MG||TABLET||ORAL
TRAMADOL HYDROCHLORIDE,"TABLET, EXTENDED RELEASE",ORAL,300MG,TRAMADOL HYDROCHLORIDE,MYLAN PHARMACEUTICALS INC,"Dec 22, 2015","TRAMADOL HYDROCHLORIDE||300MG||TABLET, EXTENDED RELEASE||ORAL"
TRAMADOL HYDROCHLORIDE,"TABLET, EXTENDED RELEASE",ORAL,100MG,TRAMADOL HYDROCHLORIDE,MACLEODS PHARMACEUTICALS LTD,"Jan 31, 2025","TRAMADOL HYDROCHLORIDE||100MG||TABLET, EXTENDED RELEASE||ORAL"
ACETAMINOPHEN; TRAMADOL HYDROCHLORIDE,TABLET,ORAL,325MG; 37.5MG,TRAMADOL HYDROCHLORIDE AND ACETAMINOPHEN,AMNEAL PHARMACEUTICALS,"Dec 9, 2009",ACETAMINOPHEN; TRAMADOL HYDROCHLORIDE||325MG; 37.5MG||TABLET||ORAL
TRAMADOL HYDROCHLORIDE,TABLET,ORAL,50MG,TRAMADOL HYDROCHLORIDE,PURACAP LABORATORIES LLC DBA BLU PHARMACEUTICALS,"Jul 2, 2019",TRAMADOL HYDROCHLORIDE||50MG||TABLET||ORAL
DEXTROMETHORPHAN HYDROBROMIDE; GUAIFENESIN; NAPROXEN SODIUM,"TABLET, EXTENDED RELEASE",ORAL,30MG; 600MG; 110MG,MUCINEX 12HR COLD & FEVER MULTI-SYMPTOM,RB HEALTH US LLC,"Dec 22, 2025","DEXTROMETHORPHAN HYDROBROMIDE; GUAIFENESIN; NAPROXEN SODIUM||30MG; 600MG; 110MG||TABLET, EXTENDED RELEASE||ORAL"
GUAIFENESIN,"TABLET, EXTENDED RELEASE",ORAL,1.2GM,GUAIFENESIN,GUARDIAN DRUG CO,"Sep 6, 2017","GUAIFENESIN||1.2GM||TABLET, EXTENDED RELEASE||ORAL"
DEXTROMETHORPHAN HYDROBROMIDE; GUAIFENESIN,"TABLET, EXTENDED RELEASE",ORAL,60MG; 1.2GM,GUAIFENESIN AND DEXTROMETHORPHAN HYDROBROMIDE,PERRIGO R AND D CO,"Mar 5, 2018","DEXTROMETHORPHAN HYDROBROMIDE; GUAIFENESIN||60MG; 1.2GM||TABLET, EXTENDED RELEASE||ORAL"
GUAIFENESIN; PSEUDOEPHEDRINE HYDROCHLORIDE,"TABLET, EXTENDED RELEASE",ORAL,1.2GM; 120MG,MUCINEX D,RB HEALTH US LLC,"Jun 22, 2004","GUAIFENESIN; PSEUDOEPHEDRINE HYDROCHLORIDE||1.2GM; 120MG||TABLET, EXTENDED RELEASE||ORAL"
GUAIFENESIN; PSEUDOEPHEDRINE HYDROCHLORIDE,"TABLET, EXTENDED RELEASE",ORAL,1.2GM; 120MG,GUAIFENESIN AND PSEUDOEPHEDRINE HYDROCHLORIDE,AUROBINDO PHARMA LTD,"Mar 25, 2020","GUAIFENESIN; PSEUDOEPHEDRINE HYDROCHLORIDE||1.2GM; 120MG||TABLET, EXTENDED RELEASE||ORAL"
GUAIFENESIN; PSEUDOEPHEDRINE HYDROCHLORIDE,"TABLET, EXTENDED RELEASE",ORAL,600MG; 60MG,GUAIFENESIN AND PSEUDOEPHEDRINE HYDROCHLORIDE,DR REDDYS LABORATORIES LTD,"Dec 29, 2017","GUAIFENESIN; PSEUDOEPHEDRINE HYDROCHLORIDE||600MG; 60MG||TABLET, EXTENDED RELEASE||ORAL"
DEXTROMETHORPHAN HYDROBROMIDE; GUAIFENESIN,"TABLET, EXTENDED RELEASE",ORAL,60MG; 1.2GM,GUAIFENESIN AND DEXTROMETHORPHAN HYDROBROMIDE,DR REDDYS LABORATORIES LTD,"Aug 1, 2023","DEXTROMETHORPHAN HYDROBROMIDE; GUAIFENESIN||60MG; 1.2GM||TABLET, EXTENDED RELEASE||ORAL"
DEXTROMETHORPHAN HYDROBROMIDE; GUAIFENESIN,"TABLET, EXTENDED RELEASE",ORAL,30MG; 600MG,GUAIFENESIN AND DEXTROMETHORPHAN HYDROBROMIDE,SUN PHARMACEUTICAL INDUSTRIES LTD,"Jul 1, 2021","DEXTROMETHORPHAN HYDROBROMIDE; GUAIFENESIN||30MG; 600MG||TABLET, EXTENDED RELEASE||ORAL"
DEXTROMETHORPHAN HYDROBROMIDE; GUAIFENESIN,"TABLET, EXTENDED RELEASE",ORAL,30MG; 600MG,GUAIFENESIN AND DEXTROMETHORPHAN HYDROBROMIDE,ACTAVIS LABORATORIES FL INC AN INDIRECT WHOLLY OWNED SUB OF TEVA PHARMACEUTICALS USA INC,"Aug 31, 2015","DEXTROMETHORPHAN HYDROBROMIDE; GUAIFENESIN||30MG; 600MG||TABLET, EXTENDED RELEASE||ORAL"
DEXTROMETHORPHAN HYDROBROMIDE; GUAIFENESIN,"TABLET, EXTENDED RELEASE",ORAL,60MG; 1.2GM,GUAIFENESIN AND DEXTROMETHORPHAN HYDROBROMIDE,DR REDDYS LABORATORIES LTD,"Aug 1, 2023","DEXTROMETHORPHAN HYDROBROMIDE; GUAIFENESIN||60MG; 1.2GM||TABLET, EXTENDED RELEASE||ORAL"
GUAIFENESIN,"TABLET, EXTENDED RELEASE",ORAL,1.2GM,GUAIFENESIN,PERRIGO R AND D CO,"Nov 5, 2020","GUAIFENESIN||1.2GM||TABLET, EXTENDED RELEASE||ORAL"
DEXTROMETHORPHAN HYDROBROMIDE; GUAIFENESIN,"TABLET, EXTENDED RELEASE",ORAL,30MG; 600MG,GUAIFENESIN AND DEXTROMETHORPHAN HYDROBROMIDE,PERRIGO R AND D CO,"Mar 5, 2018","DEXTROMETHORPHAN HYDROBROMIDE; GUAIFENESIN||30MG; 600MG||TABLET, EXTENDED RELEASE||ORAL"
GUAIFENESIN,"TABLET, EXTENDED RELEASE",ORAL,1.2GM,GUAIFENESIN,PERRIGO R AND D CO,"Nov 5, 2020","GUAIFENESIN||1.2GM||TABLET, EXTENDED RELEASE||ORAL"
GUAIFENESIN,"TABLET, EXTENDED RELEASE",ORAL,1.2GM,MUCINEX,RB HEALTH US LLC,"Dec 18, 2002","GUAIFENESIN||1.2GM||TABLET, EXTENDED RELEASE||ORAL"
DEXTROMETHORPHAN HYDROBROMIDE; GUAIFENESIN,"TABLET, EXTENDED RELEASE",ORAL,60MG; 1.2GM,MUCINEX DM,RB HEALTH US LLC,"Apr 29, 2004","DEXTROMETHORPHAN HYDROBROMIDE; GUAIFENESIN||60MG; 1.2GM||TABLET, EXTENDED RELEASE||ORAL"
GUAIFENESIN; PSEUDOEPHEDRINE HYDROCHLORIDE,"TABLET, EXTENDED RELEASE",ORAL,600MG; 60MG,GUAIFENESIN AND PSEUDOEPHEDRINE HYDROCHLORIDE,SUN PHARMACEUTICAL INDUSTRIES INC,"Apr 28, 2020","GUAIFENESIN; PSEUDOEPHEDRINE HYDROCHLORIDE||600MG; 60MG||TABLET, EXTENDED RELEASE||ORAL"
GUAIFENESIN,"TABLET, EXTENDED RELEASE",ORAL,600MG,GUAIFENESIN,GRANULES INDIA LTD,"May 8, 2020","GUAIFENESIN||600MG||TABLET, EXTENDED RELEASE||ORAL"
GUAIFENESIN; PSEUDOEPHEDRINE HYDROCHLORIDE,"TABLET, EXTENDED RELEASE",ORAL,1.2GM; 120MG,GUAIFENESIN AND PSEUDOEPHEDRINE HYDROCHLORIDE,L PERRIGO CO,"Feb 1, 2022","GUAIFENESIN; PSEUDOEPHEDRINE HYDROCHLORIDE||1.2GM; 120MG||TABLET, EXTENDED RELEASE||ORAL"
GUAIFENESIN; PSEUDOEPHEDRINE HYDROCHLORIDE,"TABLET, EXTENDED RELEASE",ORAL,1.2GM; 120MG,GUAIFENESIN AND PSEUDOEPHEDRINE HYDROCHLORIDE,SUN PHARMACEUTICAL INDUSTRIES INC,"Apr 28, 2020","GUAIFENESIN; PSEUDOEPHEDRINE HYDROCHLORIDE||1.2GM; 120MG||TABLET, EXTENDED RELEASE||ORAL"
GUAIFENESIN,"TABLET, EXTENDED RELEASE",ORAL,1.2GM,GUAIFENESIN,AMNEAL PHARMACEUTICALS OF NEW YORK LLC,"Jul 11, 2018","GUAIFENESIN||1.2GM||TABLET, EXTENDED RELEASE||ORAL"
GUAIFENESIN,"TABLET, EXTENDED RELEASE",ORAL,1.2GM,GUAIFENESIN,ACTAVIS LABORATORIES FL INC AN INDIRECT WHOLLY OWNED SUB OF TEVA PHARMACEUTICALS USA INC,"Sep 3, 2015","GUAIFENESIN||1.2GM||TABLET, EXTENDED RELEASE||ORAL"
GUAIFENESIN; PSEUDOEPHEDRINE HYDROCHLORIDE,"TABLET, EXTENDED RELEASE",ORAL,600MG; 60MG,GUAIFENESIN AND PSEUDOEPHEDRINE HYDROCHLORIDE,GRANULES INDIA LTD,"Aug 22, 2022","GUAIFENESIN; PSEUDOEPHEDRINE HYDROCHLORIDE||600MG; 60MG||TABLET, EXTENDED RELEASE||ORAL"
GUAIFENESIN,"TABLET, EXTENDED RELEASE",ORAL,1.2GM,GUAIFENESIN,MARKSANS PHARMA LTD,"Aug 21, 2023","GUAIFENESIN||1.2GM||TABLET, EXTENDED RELEASE||ORAL"
DEXTROMETHORPHAN HYDROBROMIDE; GUAIFENESIN,"TABLET, EXTENDED RELEASE",ORAL,30MG; 600MG,GUAIFENESIN AND DEXTROMETHORPHAN HYDROBROMIDE,ACTAVIS LABORATORIES FL INC AN INDIRECT WHOLLY OWNED SUB OF TEVA PHARMACEUTICALS USA INC,"Aug 31, 2015","DEXTROMETHORPHAN HYDROBROMIDE; GUAIFENESIN||30MG; 600MG||TABLET, EXTENDED RELEASE||ORAL"
GUAIFENESIN,"TABLET, EXTENDED RELEASE",ORAL,600MG,GUAIFENESIN,GUARDIAN DRUG CO,"Sep 6, 2017","GUAIFENESIN||600MG||TABLET, EXTENDED RELEASE||ORAL"
DEXTROMETHORPHAN HYDROBROMIDE; GUAIFENESIN,"TABLET, EXTENDED RELEASE",ORAL,30MG; 600MG,GUAIFENESIN AND DEXTROMETHORPHAN HYDROBROMIDE,SUN PHARMACEUTICAL INDUSTRIES LTD,"Jul 1, 2021","DEXTROMETHORPHAN HYDROBROMIDE; GUAIFENESIN||30MG; 600MG||TABLET, EXTENDED RELEASE||ORAL"
GUAIFENESIN,"TABLET, EXTENDED RELEASE",ORAL,1.2GM,MUCINEX,RB HEALTH US LLC,"Dec 18, 2002","GUAIFENESIN||1.2GM||TABLET, EXTENDED RELEASE||ORAL"
GUAIFENESIN; HYDROCODONE BITARTRATE; PSEUDOEPHEDRINE HYDROCHLORIDE,SOLUTION,ORAL,200MG/5ML; 2.5MG/5ML; 30MG/5ML,HYCOFENIX,CHARTWELL RX SCIENCES LLC,"May 14, 2015",GUAIFENESIN; HYDROCODONE BITARTRATE; PSEUDOEPHEDRINE HYDROCHLORIDE||200MG/5ML; 2.5MG/5ML; 30MG/5ML||SOLUTION||ORAL
GUAIFENESIN,"TABLET, EXTENDED RELEASE",ORAL,1.2GM,GUAIFENESIN,GUARDIAN DRUG CO,"Sep 6, 2017","GUAIFENESIN||1.2GM||TABLET, EXTENDED RELEASE||ORAL"
DEXTROMETHORPHAN HYDROBROMIDE; GUAIFENESIN,"TABLET, EXTENDED RELEASE",ORAL,60MG; 1.2GM,GUAIFENESIN AND DEXTROMETHORPHAN HYDROBROMIDE,PERRIGO R AND D CO,"Mar 5, 2018","DEXTROMETHORPHAN HYDROBROMIDE; GUAIFENESIN||60MG; 1.2GM||TABLET, EXTENDED RELEASE||ORAL"
GUAIFENESIN,"TABLET, EXTENDED RELEASE",ORAL,1.2GM,GUAIFENESIN,AUROBINDO PHARMA LTD,"Oct 21, 2019","GUAIFENESIN||1.2GM||TABLET, EXTENDED RELEASE||ORAL"
GUAIFENESIN,"TABLET, EXTENDED RELEASE",ORAL,1.2GM,GUAIFENESIN,OHM LABORATORIES INC,"Jul 16, 2018","GUAIFENESIN||1.2GM||TABLET, EXTENDED RELEASE||ORAL"
GUAIFENESIN,"TABLET, EXTENDED RELEASE",ORAL,600MG,GUAIFENESIN,OHM LABORATORIES INC,"Jul 16, 2018","GUAIFENESIN||600MG||TABLET, EXTENDED RELEASE||ORAL"
GUAIFENESIN,"TABLET, EXTENDED RELEASE",ORAL,1.2GM,GUAIFENESIN,ACTAVIS LABORATORIES FL INC AN INDIRECT WHOLLY OWNED SUB OF TEVA PHARMACEUTICALS USA INC,"Sep 3, 2015","GUAIFENESIN||1.2GM||TABLET, EXTENDED RELEASE||ORAL"
GUAIFENESIN; PSEUDOEPHEDRINE HYDROCHLORIDE,"TABLET, EXTENDED RELEASE",ORAL,600MG; 60MG,GUAIFENESIN AND PSEUDOEPHEDRINE HYDROCHLORIDE,AUROBINDO PHARMA LTD,"Mar 25, 2020","GUAIFENESIN; PSEUDOEPHEDRINE HYDROCHLORIDE||600MG; 60MG||TABLET, EXTENDED RELEASE||ORAL"
GUAIFENESIN,"TABLET, EXTENDED RELEASE",ORAL,600MG,GUAIFENESIN,DR REDDYS LABORATORIES LTD,"Mar 15, 2022","GUAIFENESIN||600MG||TABLET, EXTENDED RELEASE||ORAL"
DEXTROMETHORPHAN HYDROBROMIDE; GUAIFENESIN,"TABLET, EXTENDED RELEASE",ORAL,60MG; 1.2GM,GUAIFENESIN AND DEXTROMETHORPHAN HYDROBROMIDE,AUROBINDO PHARMA LTD,"Mar 17, 2017","DEXTROMETHORPHAN HYDROBROMIDE; GUAIFENESIN||60MG; 1.2GM||TABLET, EXTENDED RELEASE||ORAL"
DEXTROMETHORPHAN HYDROBROMIDE; GUAIFENESIN,"TABLET, EXTENDED RELEASE",ORAL,60MG; 1.2GM,GUAIFENESIN AND DEXTROMETHORPHAN HYDROBROMIDE,ACTAVIS LABORATORIES FL INC AN INDIRECT WHOLLY OWNED SUB OF TEVA PHARMACEUTICALS USA INC,"Aug 31, 2015","DEXTROMETHORPHAN HYDROBROMIDE; GUAIFENESIN||60MG; 1.2GM||TABLET, EXTENDED RELEASE||ORAL"
GUAIFENESIN; PSEUDOEPHEDRINE HYDROCHLORIDE,"TABLET, EXTENDED RELEASE",ORAL,600MG; 60MG,GUAIFENESIN AND PSEUDOEPHEDRINE HYDROCHLORIDE,GRANULES INDIA LTD,"Aug 22, 2022","GUAIFENESIN; PSEUDOEPHEDRINE HYDROCHLORIDE||600MG; 60MG||TABLET, EXTENDED RELEASE||ORAL"
GUAIFENESIN; HYDROCODONE BITARTRATE,SOLUTION,ORAL,200MG/5ML; 2.5MG/5ML,OBREDON,SOVEREIGN PHARMACEUTICALS LLC,"Nov 14, 2014",GUAIFENESIN; HYDROCODONE BITARTRATE||200MG/5ML; 2.5MG/5ML||SOLUTION||ORAL
